U468924610,Perry T. Adkins,04/12/1991,TJ164,23/12/2014,BOCLAX
C138454005,Gannon J. Lawson,03/06/1969,JK596,08/05/2015,RWWZZB
K644827165,Pearl Contreras,20/12/1932,BV357,09/01/2015,BOCJFK
A530021129,Wynne Y. Collier,16/08/1959,WI918,28/09/2015,EHJFJY
K996839719,Lysandra Landry,10/03/2003,CD236,17/01/2015,YJICJQ
Z429236569,Axel Gross,09/04/1937,JY282,28/06/2015,NNASBE
R572030266,Sarah Welch,08/10/1966,LV352,20/08/2015,QVLJJL
M324625275,Leila Dorsey,31/07/1983,YK564,02/04/2015,IOWDSD
R187097802,Kareem Harrington,10/12/1991,LX514,17/10/2015,XJYMZZ
V094767126,Drake E. Goodwin,30/10/1948,JJ229,03/02/2015,BOCGHZ
S586026448,Amelia V. Hall,02/07/1934,XB427,09/09/2015,FVRANV
N982774400,Darius X. Mays,16/04/2002,SQ384,01/08/2015,WAVLQZ
O278702886,Alan H. Hammond,07/06/1975,YK722,09/04/2015,ITCZTA
L972982439,Melissa T. Acevedo,28/06/2011,UB433,02/10/2014,CAKEUP
P12345678,Ben Wellcorn,28/03/1993,BA123,31/12/2016,LHRAMS
S581136270,McKenzie May,07/02/2010,AB698,17/05/2015,BWNHQG
W562156344,Idona Little,09/04/1981,GX731,04/03/2015,WOICJZ
F123718753,Nicholas Barrera,26/10/1979,NS484,17/03/2015,KTRQEP
R336718552,Anjolie White,22/11/1941,OE663,04/09/2015,CTNVUD
X320700224,Holmes Dodson,06/02/1963,CQ772,19/01/2015,UXRSEO
D240170968,Herman A. Anderson,19/02/1988,LK219,26/11/2014,LDGUVP
R631734726,Lois S. Castro,12/05/1999,CY939,29/11/2014,BKHUKX
H261297448,Ayanna L. Mann,03/05/1993,XG695,27/10/2014,RLKAOR
R948553968,Lani G. Gonzales,21/08/1995,RE257,15/04/2015,MKEEWP
M324905687,Slade O. Hamilton,22/10/1999,QI721,13/02/2015,IXKETR
H888139563,Chloe X. Mcgee,26/12/1969,ZC592,06/11/2014,SDLDYK
P429597152,Bethany Pollard,30/12/1970,MP293,20/10/2015,WUFOJN
P471422465,Jemima Petty,09/08/2002,TX791,26/08/2015,FNCRJU
F649096121,Phyllis Figueroa,11/12/1984,ZV846,16/07/2015,VDUUET
F328062111,Keelie Donovan,15/08/1982,KY374,01/06/2015,IYIOLO
J946688149,Maris Jennings,30/10/2004,ZO887,01/10/2015,EQLVKK
K057594603,Daniel B. Conway,18/02/1973,LP322,30/08/2015,KONWRD
B487402105,Renee Emerson,19/11/1960,UK925,23/12/2014,OHSBLP
K933743290,Sade Black,31/10/1966,GI719,08/05/2015,WEKFHH
F822557951,Mallory Clayton,30/07/1940,FR213,09/01/2015,WMBAZQ
K997282397,Brady I. Frost,25/05/1962,PV653,28/09/2015,GKULGT
D429639322,Maxine P. Walker,09/11/2008,DB725,17/01/2015,JWMWRA
T880068287,Brett D. Gentry,28/01/1949,ZN549,28/06/2015,RHLEOF
D289883733,Allen T. Kaufman,01/04/2009,XI539,20/08/2015,TINQAN
I137812521,Theodore Haley,02/12/1980,ST385,02/04/2015,FAELYD
A806628976,Chaim Graham,18/08/1997,OT166,17/10/2015,WGAGTD
D687244010,Anthony O. Morin,17/03/1949,UK983,03/02/2015,YHTXBG
S569013879,Savannah Porter,13/09/2005,PY379,09/09/2015,AXUWNU
D685807032,Ignacia L. Beck,31/03/1946,PT571,01/08/2015,WLCDPD
Q018739679,Uta L. Sharp,07/01/2012,LN668,09/04/2015,JYSEZW
D921544349,Melissa Odom,19/06/1968,KY826,02/10/2014,ZSKPMQ
H514601534,Deanna L. Harrington,04/05/1994,HB187,17/05/2015,WEBXLL
Y638204974,Tyler Puckett,14/10/1964,QB868,04/03/2015,OLMDHU
O524601205,Sandra Holcomb,27/01/1960,JC829,17/03/2015,WPLPHE
F342641122,Mechelle I. Lynch,09/10/1939,TO459,04/09/2015,EMNTXT
D017520546,Roanna L. Austin,05/09/1971,BQ892,19/01/2015,MMLYLM
V575900726,Britanney T. Valenzuela,27/09/1988,IR531,26/11/2014,FNHIKJ
K506925751,Nelle Jacobs,08/06/1979,ZI132,29/11/2014,JOOBIE
C022224384,Ayanna Dillon,21/07/1957,GW278,27/10/2014,DBFHLS
E734531030,Octavia Cooke,13/04/1998,GJ554,15/04/2015,CPPLOB
Z271160245,Isabelle L. Owens,05/05/1954,WX898,13/02/2015,XKYXSS
E362468567,Raphael Rosario,22/07/1985,RH815,06/11/2014,PDPHVZ
K930348448,Neville Clark,08/12/1976,OG765,20/10/2015,XYEWPK
H914328865,Jayme Alvarado,09/02/1987,AQ694,26/08/2015,OLVFZS
I294187418,September Holden,30/06/2014,YF863,16/07/2015,PCCXKM
H898964691,Aretha Powers,17/05/2001,AJ597,01/06/2015,CCNKLE
Y603106045,Allen Bray,26/07/1937,XB436,01/10/2015,CUHBWU
W216464922,Chase A. Puckett,19/02/1980,PN952,30/08/2015,JRZZML
Q044106551,Haviva O. Horton,06/09/2013,FR948,23/12/2014,DEUYIR
F210106855,Ahmed F. Howell,22/05/2014,UI423,08/05/2015,ADXOCV
H716573350,Alfonso X. Mathews,19/08/1971,OO657,09/01/2015,VVATBT
Q419906236,Ishmael Cox,04/09/1978,SN375,28/09/2015,IPOVOZ
L301561305,Imelda Orr,08/11/1938,NV985,17/01/2015,FWZIBX
D641434471,Ifeoma Castaneda,06/07/1979,UX638,28/06/2015,XCKHNR
S114029992,Unity Foley,28/06/1983,TS799,20/08/2015,ITMCNR
G333261955,Raphael Trujillo,27/01/1948,OO114,02/04/2015,SARKAG
J376597118,Megan Riggs,21/04/1971,GK354,17/10/2015,OSCNFK
J303859164,Chelsea K. Richmond,31/05/1953,ZF127,03/02/2015,QHDJHO
T385001126,Idona U. Bridges,04/04/1985,ET276,09/09/2015,ATEJFB
V139447099,Aubrey Bates,23/05/1997,KL189,01/08/2015,XBPHAV
K171972082,Hedda Marsh,31/10/1947,LD246,09/04/2015,QOHXIH
K709158055,Nyssa Hampton,21/04/1955,ZM777,02/10/2014,UAUHOM
T419978071,Ciaran Parsons,11/02/1992,DV642,17/05/2015,SXXGIQ
X508165575,Gloria T. Collins,18/05/1998,VY445,04/03/2015,TDQRWD
X901976935,Edward Roman,26/02/1965,ID578,17/03/2015,EOGCPH
E123907512,Zahir H. Shields,23/02/2007,QI529,04/09/2015,GPETYF
G542269239,Simon Maxwell,06/06/2012,SQ612,19/01/2015,BRGEDC
A927535367,Nero Z. Zamora,31/01/1938,FD992,26/11/2014,MTSPWX
L597029547,Tara G. Barlow,23/10/1962,ZG437,29/11/2014,AMZFGW
N898562594,Gavin M. Hopper,05/10/2003,NB169,27/10/2014,JEYTFJ
C255588502,Kimberley Bender,15/12/2000,EO651,15/04/2015,OYMIFF
A279940983,Evelyn A. Marsh,29/01/1962,QW198,13/02/2015,OZGTLI
P794146407,Taylor Logan,23/02/2003,DX657,06/11/2014,BSAFEC
D988338064,Dieter Osborn,23/08/1958,HI939,20/10/2015,MLRKPV
C618334302,Grant Q. Holloway,30/08/1966,NH877,26/08/2015,AEFHXX
I219483277,Sybill Y. Wilson,31/12/1973,WS414,16/07/2015,NAATYP
P573042301,Yoko Madden,19/11/1972,SR597,01/06/2015,VFZWPF
K475844683,Hop K. Riley,04/08/2007,IS377,01/10/2015,AYZBRI
U677321905,Nash R. Kent,11/03/1934,TL542,30/08/2015,CTHEMW
J154020020,Salvador Moody,12/10/2014,PI127,23/12/2014,YKJNHK
Q093482990,Heather K. Watkins,20/11/1936,ZK976,08/05/2015,WIUERK
S355677348,Georgia Browning,19/07/1999,PL544,09/01/2015,OYZOEV
P424380210,Fallon Y. Mckenzie,05/04/1940,XP666,28/09/2015,ACVZOR
K728612515,Tanisha Maldonado,13/09/1938,GB341,17/01/2015,OOPUDI
D313166500,Raphael O. Jennings,18/02/2003,UN118,28/06/2015,WNMAIA
E589291985,Jamalia Puckett,09/08/1952,KA824,20/08/2015,XTKQEG
E702081231,Kieran S. Douglas,28/09/1990,OW318,02/04/2015,SWTRKU
Y923361648,Kieran W. Richards,29/05/1992,OG614,17/10/2015,ZHFXOC
I630791552,Mollie H. David,24/06/1944,BW543,03/02/2015,HVWQAI
R954434299,Jana Le,27/09/1990,LC266,09/09/2015,TFQYUV
N429718046,Mariam Osborne,27/11/1954,ND185,01/08/2015,IJMYEW
K564830495,Kitra O. Moody,02/04/1943,EC163,09/04/2015,EDLPNM
Z836967011,Wayne Rodgers,30/03/1989,FV684,02/10/2014,HVCDIY
U003774295,Allen Webster,26/02/1970,EF284,17/05/2015,XROVZW
A132081360,Kylee Griffith,02/10/1999,PT949,04/03/2015,HRFAQW
Z420324841,Amal P. Bradford,24/04/1954,YX856,17/03/2015,PNHWXI
C371701171,Gannon Alvarez,11/12/1967,TF342,04/09/2015,OGMDUC
T188790468,Nita Y. Thomas,18/10/1949,RH957,19/01/2015,OPXWGC
X102427261,Bruce P. Acevedo,25/07/1933,CH428,26/11/2014,PFSZHM
A332562492,Burton Calhoun,13/06/2006,GJ645,29/11/2014,SENOBL
A742714733,Castor B. Bell,21/04/1951,AS744,27/10/2014,HDQJFH
J770691485,Leslie C. Wiggins,29/01/1962,HP134,15/04/2015,TVUZEO
C710568710,Elliott Richard,03/08/1964,DX582,13/02/2015,QSTYEF
X409771414,Scarlet F. Guerra,16/01/1962,JG763,06/11/2014,SMJYFI
L384263845,Rashad H. Ellis,18/06/1946,CY613,20/10/2015,JCYIYZ
E369117328,Martena V. Lamb,25/12/2009,VV715,26/08/2015,QEPCLX
P949730013,Yeo Q. Melendez,30/09/1992,YV668,16/07/2015,SSLXXU
U260037761,Slade Nelson,13/05/1991,WQ557,01/06/2015,CIKRWY
M710922596,Channing Chandler,16/03/1976,MH772,01/10/2015,SBBKFP
D034345869,Rogan N. Noble,03/02/1942,DM287,30/08/2015,PVVRZB
R021832027,Ahmed Swanson,12/09/1948,XV328,23/12/2014,WCQQOU
Q258654585,Olivia Yang,18/11/1995,BE162,08/05/2015,JKMEWO
T220333818,Gavin G. Shaffer,09/09/1979,FE495,09/01/2015,NWTJLR
O985407600,Kermit Benjamin,23/12/1968,RQ829,28/09/2015,MCQWKC
Q156037600,Skyler N. Potts,25/09/1951,DU772,17/01/2015,LKOCZF
L275456199,Aspen K. Pratt,20/03/1956,CH891,28/06/2015,NJYVEV
E604318493,Ivor N. Holt,23/04/2015,LI176,20/08/2015,BQODBF
R320812305,Emerson Wells,01/04/1997,GG525,02/04/2015,NTZBMJ
P509424712,Eden E. Dunlap,22/05/1994,KJ933,17/10/2015,CLPXGS
Q669646122,Petra Y. Owens,04/08/1983,FQ685,03/02/2015,SJIZDB
Q520501097,Addison J. Rosales,26/06/1995,GL626,09/09/2015,UHMVWA
R865254750,Moana F. Kline,08/06/2010,VD243,01/08/2015,BXTPXL
O675055961,Mark Scott,31/01/1966,FP687,09/04/2015,JKNBYZ
H154686262,Beatrice Booker,05/10/1986,RG869,02/10/2014,NWKMCQ
D195675636,Mohammad V. Benton,06/01/2012,NX772,17/05/2015,QIHREO
D089060897,Wayne Massey,13/06/1992,NB244,04/03/2015,ZCWETO
W449232562,Zorita V. Valencia,19/12/2003,HZ333,17/03/2015,MIKIUJ
G788048979,Paul F. Gomez,07/11/1949,TK594,04/09/2015,HJBLUB
I108881983,Rama Walters,29/02/1972,LC656,19/01/2015,YUVENL
K390565879,Shaine L. Browning,27/11/1958,ER456,26/11/2014,AWHRVZ
W890801172,Kameko F. Ruiz,01/05/1958,SH961,29/11/2014,DGXSSX
K347418966,Velma Q. Bauer,09/02/1946,GM678,27/10/2014,FNMEGR
Z807314915,Walter D. May,19/11/1955,PT381,15/04/2015,LYOMEH
T348672277,Charles V. Lane,09/02/1955,JT546,13/02/2015,XCBMKL
Z999020456,Grace R. Montgomery,10/10/2014,FG395,06/11/2014,JHFNFR
B520411773,Anthony Nash,25/05/1936,GP334,20/10/2015,AXSICS
J751568507,Frances Erickson,02/08/1990,ZE563,26/08/2015,XYTHNM
W255721129,Branden M. Chen,29/08/1952,TQ989,16/07/2015,HZYNOE
O046489860,Hannah Dixon,23/10/1943,IS325,01/06/2015,IUUOGY
F353274818,Nayda Z. Hanson,07/05/2006,LZ386,01/10/2015,XEXCCN
T471910744,Noah D. Klein,06/11/2000,PH631,30/08/2015,BSHCFI
A640827986,Veda J. Cook,05/04/2013,MA621,23/12/2014,RFUHDL
C182895402,Dustin P. Mcfarland,11/04/1947,IQ841,08/05/2015,BVDITO
C443720564,Luke Wynn,22/06/1953,ZC938,09/01/2015,CEQBHD
M489081397,Miriam Macdonald,14/07/1938,CG796,28/09/2015,MBAUPW
I610182741,Simone Wright,12/09/1975,PK145,17/01/2015,LMTYVB
C922478077,Marny S. Grimes,30/05/1988,BQ932,28/06/2015,TGDWMT
D622917507,Tucker Z. Burton,02/04/2008,BU562,20/08/2015,WADULS
H186848019,Wallace F. Carpenter,31/08/1989,RL826,02/04/2015,FXQSRZ
G101204767,Bernard B. Schultz,18/09/1968,LG336,17/10/2015,IJNLFM
O148025043,Piper A. Grimes,02/05/1960,TN765,03/02/2015,HWIRTC
T265930953,Brooke I. Byers,27/11/1940,KM496,09/09/2015,QHRHXF
F696488183,Halla Davidson,04/05/1982,CF415,01/08/2015,LXVWYZ
S625272281,Aspen N. Ashley,25/06/1935,LS916,09/04/2015,TKPAVC
F334952111,Bernard Nunez,18/12/1953,SW927,02/10/2014,GTMJHH
Q338986987,Ina Buchanan,27/04/2010,FZ778,17/05/2015,PSPNXG
N829124182,Leslie Cook,13/08/1954,UL774,04/03/2015,FNIRXW
F523902753,Philip Hansen,27/01/1936,MQ481,17/03/2015,KMBBJD
E829209339,Maryam Decker,23/04/1988,NM935,04/09/2015,ONTIGA
U160643959,Brianna Salazar,29/10/1961,LY874,19/01/2015,SZTBTA
N402485805,Scarlet Burt,19/10/1979,ML959,26/11/2014,WKBCHL
K174622428,Brennan Rios,06/02/2014,BH611,29/11/2014,NECRMG
V207416294,Aladdin Abbott,07/06/1992,RZ742,27/10/2014,LOHRBN
A767536639,Patricia X. Solis,22/10/2011,KL889,15/04/2015,TETQCM
N608938029,Hiroko Burris,27/08/1961,KE324,13/02/2015,HWPNDI
J264348108,Naida Byers,28/08/2009,FU267,06/11/2014,MPTCYM
O581037625,Calista N. Dunn,16/04/2007,MY315,20/10/2015,EWPRSM
G741245498,Urielle S. Donaldson,22/07/1970,CW782,26/08/2015,OOXJKA
U843021375,Jared E. Carver,27/08/1962,YS284,16/07/2015,XEABLQ
Z600297597,Uriel Morales,04/03/1953,OQ141,01/06/2015,EHXEMU
R558859079,Barry R. Fernandez,30/05/1996,UC843,01/10/2015,MFWRJP
O925855531,Jamalia O. Fitzgerald,31/05/2014,JX485,30/08/2015,QTGEEA
G269659205,Jonah K. Joyner,18/12/1930,RD686,23/12/2014,FOBYBX
X483486007,Edward D. Hunter,22/10/1990,VK689,08/05/2015,VLWCUV
X448097805,Duncan Fulton,03/01/1967,LH799,09/01/2015,QYACJS
A719200495,Carter E. Reid,03/09/1997,VK152,28/09/2015,AULPPY
W232554953,Blake S. Aguirre,02/11/1981,EB566,17/01/2015,ZSNTPX
G464150058,Blair Salas,04/06/1943,KK694,28/06/2015,CKJILB
J167609095,Denton Barrera,09/07/1968,LY775,20/08/2015,OYWFZJ
W838730047,MacKenzie Oconnor,17/08/1949,VD294,02/04/2015,IXPMRL
D584919511,Brianna Knox,18/12/1975,PE819,17/10/2015,UHPZFH
K862093327,Petra F. Pruitt,04/09/1943,JH497,03/02/2015,IDTSNH
W901314000,Mariam Garner,02/11/1970,XX412,09/09/2015,LUXTMB
Z927946236,Graiden Y. Boone,15/04/1993,NV931,01/08/2015,MVUYFN
T286324044,Quincy A. Weaver,26/07/1938,RQ623,09/04/2015,ZXYKOT
K144830605,Sasha R. Wilder,30/08/1979,LU468,02/10/2014,WQEBPB
O290942005,Sebastian A. Dillard,13/02/1990,AU732,17/05/2015,UOLGIS
T879136149,Brenden V. Morse,04/01/2003,NQ916,04/03/2015,BOPAGB
F286456379,Maxine K. Wyatt,27/09/1957,PG825,17/03/2015,JHJBPD
M615980758,Ori Suarez,08/03/1938,KC386,04/09/2015,CDLWXM
K611109600,Carson Taylor,18/01/1964,YS743,19/01/2015,GUVRSP
T558566908,Gavin O. Kim,18/07/2005,WP585,26/11/2014,VZNQBT
B267268071,Chelsea A. Burris,09/05/1996,EY911,29/11/2014,TVUDRK
X416633238,Mikayla Bradshaw,10/01/1978,HN637,27/10/2014,IXJGVD
K474392690,Maxwell Sargent,04/07/1935,KX872,15/04/2015,BZTLHN
H458377002,Chaney D. Hopper,20/09/1934,AN453,13/02/2015,YXOJTC
P314971582,Alma G. Conrad,14/12/1943,GE583,06/11/2014,UIIYBC
H945554919,Kessie Dunn,18/10/1970,CJ483,20/10/2015,PBVFRT
N645228061,Lisandra P. Workman,09/11/2014,VI742,26/08/2015,OFMTHM
X180587217,Casey Mathews,04/08/1996,HA381,16/07/2015,DLBFLY
R721478847,Tanya Anderson,09/04/2002,KY834,01/06/2015,AKZYDE
E527858518,Troy Navarro,04/09/1938,WZ282,01/10/2015,KDNBVF
K223647467,Solomon M. Gutierrez,20/09/2003,DO524,30/08/2015,FAKYTW
V879031697,Craig D. Lewis,27/05/1974,EE858,23/12/2014,GIKDTU
Z357347758,Davis I. Wood,08/05/1965,HL422,08/05/2015,TINDNQ
G007082348,Paki B. Hudson,10/11/1990,RU924,09/01/2015,XQYEOO
Q604678661,Wade Bonner,11/04/1973,LZ822,28/09/2015,HHDUYP
N433871364,Maggie E. Kramer,25/08/1940,KC872,17/01/2015,DTQBDB
Z337419478,Carl W. Clay,25/11/1956,HG954,28/06/2015,VPILFT
R414381229,Rashad Le,02/11/1988,QO797,20/08/2015,FOVBOD
G475168920,Christen Curtis,13/07/2005,XM887,02/04/2015,SYYIWS
U072615297,Thomas L. Peterson,23/11/1996,UP968,17/10/2015,RYSWPZ
U077930386,Laurel White,01/08/1988,GM262,03/02/2015,WAPFTJ
E961194675,Skyler Robinson,25/12/2010,OQ256,09/09/2015,UWHPZV
Q497316371,Uta I. Morton,17/07/1964,RJ771,01/08/2015,VEVIDM
B016048076,Bree Z. Reed,26/12/2001,CR723,09/04/2015,KCKOMB
M874752835,Kellie Carpenter,09/06/2012,IP587,02/10/2014,WVVOAM
O486559688,Serena W. Melton,19/04/2007,RJ613,17/05/2015,QHZFRJ
Z380797380,Kenyon C. Heath,08/08/1965,TZ339,04/03/2015,JKTMHX
E460669247,Jaden Nelson,18/10/1990,TU767,17/03/2015,XRKYSD
Q356869217,Bianca Willis,14/08/1937,AX852,04/09/2015,MXGNUB
T466412995,Orli O. Gamble,20/11/1957,IK352,19/01/2015,FFMHMJ
H876483860,Kaye K. Morrow,30/05/1991,IN864,26/11/2014,JWAPLY
I188687609,Cassidy C. Noble,19/12/1972,GK466,29/11/2014,VBDITG
V513787976,Brandon Harrison,16/01/1987,QR643,27/10/2014,UWPSAK
M792986956,Isaac Hansen,13/05/1934,DH272,15/04/2015,GOOGYI
U522877669,Tamara U. Levy,19/07/1949,ZH922,13/02/2015,CMIILN
Q664648021,Kitra D. Gomez,01/09/1970,RU653,06/11/2014,MXVBSU
O207606125,Macy William,16/03/2013,QJ345,20/10/2015,QHWUED
H908440259,Aspen Doyle,09/07/1954,CC421,26/08/2015,UNMBXF
Q004335189,Brock Leonard,05/07/1966,EN745,16/07/2015,IHACZQ
F199628277,Henry Woodard,30/10/1978,AV424,01/06/2015,OGEJVE
J101185465,Yoko Grant,18/12/1980,SE292,01/10/2015,WTELJQ
U039815284,Leilani G. Baird,29/12/1978,BS725,30/08/2015,QCIZKB
O847061119,Rogan Z. Morse,12/05/1998,FZ185,23/12/2014,FZHKQM
W147789501,Chastity L. Stout,26/07/1982,FO472,08/05/2015,TQFDEW
C115130857,Pearl Frederick,02/03/1933,OU242,09/01/2015,FGCZPD
L686887576,Casey Wilkins,22/11/1988,RW888,28/09/2015,AVDGUG
E602872281,Barrett F. Avery,22/12/1933,CK898,17/01/2015,KRTIQZ
O033591302,Gay M. Gamble,17/04/1965,QU937,28/06/2015,GOMPUE
S247885813,Harrison Nunez,08/07/1971,UH458,20/08/2015,UIANZS
E216351783,Salvador J. Neal,13/10/1939,ZW597,02/04/2015,EFGTMH
O317287210,Marsden Vaughan,02/07/1954,NL795,17/10/2015,LDKQEF
A742786242,Sean Love,05/10/1979,FG369,03/02/2015,PFGYSV
S087802661,Avram T. Hines,14/01/1966,UU561,09/09/2015,AZZFIF
K498048723,Helen Dale,09/06/1959,XZ914,01/08/2015,THRPDZ
I655593818,Benedict English,05/04/1997,QL442,09/04/2015,KOZYDI
Z447942750,Dillon Roberts,04/02/1960,QL633,02/10/2014,KJIYVS
S506531894,Jade Shields,28/05/1984,VL631,17/05/2015,RJJDKP
J397182749,Travis Moon,05/06/2005,YC282,04/03/2015,ZJHING
M559469891,Pascale Duncan,16/09/1986,TD845,17/03/2015,CAZMZD
T256962534,Xandra G. Foreman,04/04/1987,SN493,04/09/2015,UPKCEA
R404017737,Bertha M. Obrien,11/10/1931,RN517,19/01/2015,QPRMRT
K820248387,Bernard U. Hester,12/01/2006,KJ165,26/11/2014,BZSRRP
M138325010,Sacha D. Knowles,17/04/1982,JG469,29/11/2014,BBTQCV
A145786378,Travis Mcgowan,03/02/2003,VD123,27/10/2014,ZJHLAL
T037741932,Quon Henry,02/10/1966,JH198,15/04/2015,ZGHMRA
S359701724,Nora Walter,21/10/1953,YW917,13/02/2015,DUNIIG
W415769289,Lana Kirby,24/10/1961,QZ818,06/11/2014,QRAKQC
Y324102152,Quinlan J. Shields,28/12/1948,FE589,20/10/2015,CUPRHK
O301950818,Chanda Mckenzie,29/09/1961,AF629,26/08/2015,ACHYPT
J346062446,Orlando N. Jennings,08/12/1940,HR625,16/07/2015,BXCTHV
K139893121,Chancellor Durham,19/09/1947,FP625,01/06/2015,SPKOBY
C023546829,Vielka Burch,22/10/1968,XI226,01/10/2015,DOKSLH
W288274686,Amelia C. Gallegos,01/12/1977,UL116,30/08/2015,PYDJHS
P046167218,Keiko V. Hatfield,30/06/1965,JH448,23/12/2014,VKTDLQ
F460503987,Noel D. Wall,26/09/1958,ZV737,08/05/2015,ROKAIE
T137326033,Lydia Ochoa,26/07/1934,PR185,09/01/2015,MEWVAH
S397553412,Pamela L. Shepherd,09/12/1981,SQ246,28/09/2015,YNONEZ
C308223990,Garth E. Carver,04/03/1932,XN421,17/01/2015,ROXEWY
C889728974,Reuben Hewitt,22/02/1996,EH366,28/06/2015,VHHXVM
W417790117,Nehru Dorsey,31/01/1965,IF645,20/08/2015,MRSLHO
E452225831,Yeo H. Bennett,22/05/2008,FU723,02/04/2015,JJJHZL
U710146995,Buckminster Waters,17/03/1976,YD636,17/10/2015,BKUFUJ
V331762011,Yuli Brady,21/06/1951,XP449,03/02/2015,TPIKCK
V865430186,Maite Hardy,08/10/1973,MG318,09/09/2015,RLYKYU
L972188482,Hilda Ball,19/07/1996,TT139,01/08/2015,ISPJXW
P788703286,Ruth Q. Delaney,27/09/1960,RF779,09/04/2015,FJWIIL
F070390926,Amena D. Koch,11/04/2006,VO368,02/10/2014,MYCADH
S181776400,Lucas Douglas,28/11/1953,BG532,17/05/2015,BGFJVX
I404179804,Grady Rowland,20/10/1992,AO818,04/03/2015,RNOSJM
K176460028,Blake Bond,13/11/1944,FE959,17/03/2015,BBGUNZ
W835604077,Kaden Travis,01/12/1965,QS662,04/09/2015,INTDTL
S804093256,Sonya R. Avery,27/10/1971,QF376,19/01/2015,IXCDXT
R019344271,Valentine O. Becker,16/12/2002,FY361,26/11/2014,ZPOCTQ
H267089767,Jane Matthews,30/04/2000,RE311,29/11/2014,FNWBGL
D765853803,Imogene H. Henry,04/12/1980,MK487,27/10/2014,BBHQLC
W944200417,Jade J. Riley,03/06/1969,YB883,15/04/2015,WUFZRS
A380018866,Calista I. Sheppard,20/12/1932,TO355,13/02/2015,ILJQXL
T762387649,Colton Mitchell,16/08/1959,GV132,06/11/2014,ICYLBW
F609223972,Joan Keith,10/03/2003,KI478,20/10/2015,TCQOLW
N171912148,Donna F. Downs,09/04/1937,SH492,26/08/2015,PTCAMN
Z103210284,Olga Tate,08/10/1966,CM167,16/07/2015,IAKMEX
K966068074,Felix A. Ruiz,31/07/1983,EB996,01/06/2015,SWRTOX
S820880158,Quyn Garrett,10/12/1991,LT854,01/10/2015,TVCGGF
O935471769,Amaya F. English,30/10/1948,HU537,30/08/2015,ULKXUK
S873498549,Kenyon Calhoun,02/07/1934,MG562,23/12/2014,VOKQQQ
L708603448,Whoopi H. Holland,16/04/2002,MT779,08/05/2015,HAGPQQ
F894252274,Dai Rose,07/06/1975,GX777,09/01/2015,HHDGFI
I927503118,Maxwell Q. Velazquez,28/06/2011,GA636,28/09/2015,TPUNVT
N991213799,Deacon Mckenzie,07/02/2010,AE619,17/01/2015,DIXCJC
T840674921,Camden X. Kinney,09/04/1981,NH238,28/06/2015,MJCBKB
A712942761,Tatyana P. Stokes,26/10/1979,WL162,20/08/2015,PHICNF
W548028450,Charles Montgomery,22/11/1941,EP695,02/04/2015,TDNPTT
D368613285,Kimberley C. Moore,06/02/1963,LE635,17/10/2015,HZZOLD
Y029245184,Miranda D. Guthrie,19/02/1988,UN795,03/02/2015,WOMBNM
V019003804,Aaron Hinton,12/05/1999,SF293,09/09/2015,HIPUYH
Q303838624,Xaviera H. Whitaker,03/05/1993,RM416,01/08/2015,STNKFS
I070413975,Graiden Fields,21/08/1995,TY359,09/04/2015,QODUDM
C389430995,Kasper A. Le,22/10/1999,OQ914,02/10/2014,YIEOXT
O576906113,Amal A. Cain,26/12/1969,WH254,17/05/2015,LSKRVV
P547900374,Hector V. Macias,30/12/1970,PU922,04/03/2015,WNVUJE
F294256129,Faith A. Miranda,09/08/2002,UC473,17/03/2015,OEIPSM
N050612696,Isabella Delgado,11/12/1984,CV182,04/09/2015,MALECD
T932983560,Libby Robbins,15/08/1982,YU946,19/01/2015,GZSUHE
C979511597,Roanna Stafford,30/10/2004,UH594,26/11/2014,UZZBBU
U860377070,Basia X. Pittman,18/02/1973,FB489,29/11/2014,ERYGBZ
W499401867,Chester Sampson,19/11/1960,NW273,27/10/2014,BBGKEM
Y384995231,Cassidy E. Clark,31/10/1966,NV132,15/04/2015,BLWISN
R700753208,Ishmael Adams,30/07/1940,DT671,13/02/2015,SUDJRP
G519856691,Kasper F. Whitehead,25/05/1962,MP557,06/11/2014,XULAKI
A753207736,Sybil Myers,09/11/2008,GT559,20/10/2015,FBRKQN
I466856137,Emma W. Gay,28/01/1949,ZS116,26/08/2015,NBATXY
R658722927,Martina Faulkner,01/04/2009,YR461,16/07/2015,WJWPPV
H185347045,Palmer Parker,02/12/1980,BH981,01/06/2015,HYVFVA
Z593793750,Madonna Monroe,18/08/1997,EQ242,01/10/2015,TIXZWY
B808639507,Melodie Y. Fulton,17/03/1949,OX934,30/08/2015,VFTBGE
U452725261,Valentine Farrell,13/09/2005,ZZ822,23/12/2014,BHCNQX
S673329741,Bevis I. Schroeder,31/03/1946,HQ115,08/05/2015,SHUYWI
R666520923,Ebony O. Houston,07/01/2012,AC819,09/01/2015,HEVEOM
O975249208,Sonia Vargas,19/06/1968,UH132,28/09/2015,YTISXF
N106641735,Damian A. Diaz,04/05/1994,EW547,17/01/2015,MZPHAH
A772565274,Tanisha P. Cleveland,14/10/1964,XF963,28/06/2015,WZQXQV
J395599603,Ferdinand K. Talley,27/01/1960,RN435,20/08/2015,PPXTCG
Y595387964,Ronan Grimes,09/10/1939,SM838,02/04/2015,VQLMOP
B749264423,Nicholas B. Pruitt,05/09/1971,RM544,17/10/2015,DQDUNA
I908539524,Claudia V. Patrick,27/09/1988,LM771,03/02/2015,QWQSBI
L720251041,Griffin Hernandez,08/06/1979,YN813,09/09/2015,WMZDCL
P195807184,Brian B. Bonner,21/07/1957,WK284,01/08/2015,MFNZND
W065598879,Jolie R. Charles,13/04/1998,ZX817,09/04/2015,IEOLWM
R933124098,Joelle Q. Stout,05/05/1954,GI515,02/10/2014,RIQWYX
K646844764,Mariam E. Delacruz,22/07/1985,CZ123,17/05/2015,YRXCOZ
L937811912,Helen N. Lang,08/12/1976,AA525,04/03/2015,HMELWN
T390123785,Wallace Marks,09/02/1987,EK379,17/03/2015,YKIUTT
Z340374951,Gretchen Mcdaniel,30/06/2014,VF832,04/09/2015,WZNODQ
E065347596,Amber V. Mcpherson,17/05/2001,RZ782,19/01/2015,XGWWBH
Y521733007,Brielle Golden,26/07/1937,TB251,26/11/2014,URSAFP
H660781285,Deirdre Park,19/02/1980,HN712,29/11/2014,WQPYUR
P081377569,Kennedy B. Osborne,06/09/2013,VM835,27/10/2014,JKDIEE
V963370936,Valentine R. Gamble,22/05/2014,EQ868,15/04/2015,WMINIE
D769819412,Alice Barrera,19/08/1971,FV898,13/02/2015,HCQBEE
F007781588,Amber J. Casey,04/09/1978,DW264,06/11/2014,PBBHNI
H537261174,Martin Baker,08/11/1938,LU793,20/10/2015,ZFMVEK
Y422564519,Xander X. Norman,06/07/1979,VX756,26/08/2015,XIIAOC
I527992602,Felix V. Benton,28/06/1983,YN842,16/07/2015,JBBTZT
E060619573,Piper Glenn,27/01/1948,XT321,01/06/2015,KUIHZJ
M706348036,Lucian Case,21/04/1971,ZW262,01/10/2015,BHVAHM
R949530498,Naida Page,31/05/1953,CY242,30/08/2015,PKTXVN
Z631994272,Daria Calderon,04/04/1985,MF489,23/12/2014,VZQFTA
R183769435,Kyra Pruitt,23/05/1997,FP273,08/05/2015,ZZRBWE
P900102048,Jin Garrett,31/10/1947,ZO258,09/01/2015,VAVEKB
S556751189,Noble Christian,21/04/1955,DH789,28/09/2015,MIGHMT
C910904201,Destiny Travis,11/02/1992,TO582,17/01/2015,ZHMUMP
O367478046,Kitra Burgess,18/05/1998,KG145,28/06/2015,SXHUTB
C751522290,Bethany N. Valdez,26/02/1965,IC899,20/08/2015,CNZEGR
T929976588,Nigel Goodman,23/02/2007,IM356,02/04/2015,TFMRUZ
M738463698,Maggie N. Barlow,06/06/2012,ZY326,17/10/2015,QWTWCQ
K096820418,Charde Wilkerson,31/01/1938,AK925,03/02/2015,YUNQCA
M313665383,Barbara W. Browning,23/10/1962,FQ656,09/09/2015,MHSVQU
S498475193,Trevor H. Rollins,05/10/2003,KZ638,01/08/2015,SUDQGO
A244990338,Lester Wade,15/12/2000,UZ728,09/04/2015,SOJAAJ
T601687383,Cooper N. Sampson,29/01/1962,YO586,02/10/2014,OEQKOK
R298608353,Travis Ferguson,23/02/2003,XM174,17/05/2015,WDGTDQ
B496185226,Emily Bradley,23/08/1958,YA596,04/03/2015,YDHEWW
R881015922,Urielle M. Alford,30/08/1966,BY755,17/03/2015,GWZIVE
V219917388,Emerson Gonzalez,31/12/1973,KS828,04/09/2015,CWSUWQ
D081974849,Jane X. Mosley,19/11/1972,LR293,19/01/2015,CXJLQG
U248223878,Sebastian S. Gilmore,04/08/2007,ES739,26/11/2014,OGMCNT
H823952078,Emi H. Chase,11/03/1934,TM124,29/11/2014,ZWPGAS
H668719845,Nyssa Webb,12/10/2014,AZ778,27/10/2014,UYQMCS
R389961191,Candice R. Avery,20/11/1936,MG664,15/04/2015,CUIVDD
C914606861,Beatrice P. Hess,19/07/1999,CM379,13/02/2015,ZCPURV
G352604561,Sigourney T. Lambert,05/04/1940,NH971,06/11/2014,UWKNDZ
W212759573,Jane U. Kidd,13/09/1938,WA877,20/10/2015,MZFGYE
J410011753,Lee B. Page,18/02/2003,KS355,26/08/2015,JIPIVI
S562314355,Louis Conley,09/08/1952,RU423,16/07/2015,JHJTXT
S446594178,Petra Petersen,28/09/1990,VT348,01/06/2015,TAXFAT
H568049111,Virginia Whitehead,29/05/1992,KO496,01/10/2015,QXFRAN
T517337958,Molly Silva,24/06/1944,GR221,30/08/2015,VEMXOQ
T627203099,Hilel I. King,27/09/1990,VG792,23/12/2014,XBNWHI
B481424528,Plato Lyons,27/11/1954,DN389,08/05/2015,LHOFMU
E951787102,Ferris Caldwell,02/04/1943,BN587,09/01/2015,XLRBXE
N975550296,Jana Harmon,30/03/1989,WA641,28/09/2015,IEGTIG
Y823802637,Olympia Huber,26/02/1970,VY188,17/01/2015,QWWRNU
I818570595,Hayley Schwartz,02/10/1999,IL481,28/06/2015,PYKJUO
H672279862,Charlotte Castillo,24/04/1954,WF115,20/08/2015,ZNYICZ
T945795974,Lucian Finch,11/12/1967,SM956,02/04/2015,JSMYPG
P558647586,Rina R. Berg,18/10/1949,WR822,17/10/2015,CCAQMH
H050271427,Aidan O. Fleming,25/07/1933,ZK724,03/02/2015,GVKBKS
P132972928,Giselle Rowland,13/06/2006,CO186,09/09/2015,APQGHU
J414490905,Yasir Lynch,21/04/1951,SH953,01/08/2015,CWMDDX
F244864272,Karly Gibbs,29/01/1962,ZX631,09/04/2015,SAVFPM
J157378821,Allistair Horton,03/08/1964,WF322,02/10/2014,OFDBKE
E630799341,Carlos C. Gray,16/01/1962,ZD699,17/05/2015,TAGAFK
G744311837,Rose L. Puckett,18/06/1946,CJ527,04/03/2015,FJSLQY
Y401834961,Wesley G. Blackwell,25/12/2009,CL992,17/03/2015,UQPKFO
W268034145,Athena P. Fields,30/09/1992,GO227,04/09/2015,UWFSTB
N257893881,Haviva H. Joyce,13/05/1991,VB374,19/01/2015,VQWQFT
J067421412,Dean Pitts,16/03/1976,XL337,26/11/2014,XRDDHL
M983564062,Tara R. Pittman,03/02/1942,QZ135,29/11/2014,VAHXNG
C585834303,Kay I. Garrett,12/09/1948,KQ826,27/10/2014,IKGSXX
N904421452,Jerome D. Perez,18/11/1995,TX277,15/04/2015,UKTPPE
Q167555567,Avye Q. Gallagher,09/09/1979,PU171,13/02/2015,DYVDOZ
T683079209,Tate Bass,23/12/1968,VH843,06/11/2014,HZREOW
C701630890,Constance Hyde,25/09/1951,AD151,20/10/2015,VJSUUP
N397276264,Mechelle Frost,20/03/1956,RR976,26/08/2015,IFOFUQ
S294186823,Jamal Castillo,23/04/2015,UZ743,16/07/2015,DJCQES
B747715368,Ocean Merrill,01/04/1997,VU826,01/06/2015,MFBWHJ
Q010002967,Hakeem Roy,22/05/1994,CT952,01/10/2015,NHHBWC
G582452706,Rose Duke,04/08/1983,YD338,30/08/2015,CXRREE
P316131427,Unity G. Cantu,26/06/1995,DF766,23/12/2014,GNMQBN
P201658262,Pascale T. Snider,08/06/2010,LN769,08/05/2015,OYDPKC
T032196574,TaShya Sanders,31/01/1966,RK986,09/01/2015,FRTMOE
J751570471,Ursula T. Clark,05/10/1986,KJ569,28/09/2015,WZNOAK
P812936748,Caesar Mcintosh,06/01/2012,OW337,17/01/2015,YDXUML
B263719822,Noelani T. Mcconnell,13/06/1992,EF748,28/06/2015,YDRBKV
U887100352,Lucius Z. Waters,19/12/2003,YX335,20/08/2015,JRKRJI
V627971226,India L. Bush,07/11/1949,SB943,02/04/2015,CSRWNI
C921056511,Carla A. Woodard,29/02/1972,PL664,17/10/2015,RWLTZB
S522529894,Mason M. Bass,27/11/1958,CG613,03/02/2015,PXRWQH
V170664791,Ella B. Stout,01/05/1958,BI238,09/09/2015,WWATHN
I329290032,Raymond O. Beard,09/02/1946,PE217,01/08/2015,WSKBSE
F169106394,Cooper C. Barron,19/11/1955,KB348,09/04/2015,DSKQJE
Q645531360,Haviva L. Best,09/02/1955,SN419,02/10/2014,MQXKAX
R507836023,Jena M. Townsend,10/10/2014,WJ549,17/05/2015,GUYHPP
O550441399,Charlotte Chaney,25/05/1936,ZP997,04/03/2015,VEKZFH
H824778338,Lois X. Carter,02/08/1990,XV519,17/03/2015,EMJQIL
B492122507,Beck N. Jacobson,29/08/1952,DH182,04/09/2015,NOOPYB
Z969423623,Odysseus C. Alvarado,23/10/1943,ZF628,19/01/2015,TXAHOL
D953480026,Adrian H. Buckner,07/05/2006,DO884,26/11/2014,MYYEEM
G919683798,Walter G. Daugherty,06/11/2000,RL588,29/11/2014,FPAQFI
N317115862,Breanna Sandoval,05/04/2013,ID525,27/10/2014,QLHYBE
A997632388,Ethan Cote,11/04/1947,UB827,15/04/2015,AQBKUX
L683515193,Galena J. Burgess,22/06/1953,ZF311,13/02/2015,KUXERT
H967781481,Blossom Trevino,14/07/1938,QR281,06/11/2014,NJDKJA
J572831878,Dakota U. Carr,12/09/1975,EV799,20/10/2015,KETTKZ
M147439546,Erasmus Clarke,30/05/1988,FV843,26/08/2015,JXJRMO
M806475708,Stacey Wilkinson,02/04/2008,AW775,16/07/2015,RTIROC
S022597976,MacKenzie Whitaker,31/08/1989,ZR966,01/06/2015,LCHRFP
T295756080,Burke K. Oneill,18/09/1968,RB988,01/10/2015,DDUSSA
X691049938,Hilel D. Bishop,02/05/1960,ZO548,30/08/2015,HUJNEG
U902815013,Zeph X. Mcgee,27/11/1940,KD754,23/12/2014,UAQOFT
Q936976954,Brenden V. Villarreal,04/05/1982,LW592,08/05/2015,FEVWQB
Q712415465,Noelani G. Gilliam,25/06/1935,ED643,09/01/2015,MDZNUI
X730820431,Ella Morrow,18/12/1953,NN883,28/09/2015,KFTTRP
U991840646,Kennan Serrano,27/04/2010,FD192,17/01/2015,TMMNOF
X310809069,Nerea V. Wilcox,13/08/1954,SQ532,28/06/2015,OHLYDE
B514396940,Jeremy U. Leon,27/01/1936,GB473,20/08/2015,TIIWMO
R309819989,Rogan Clemons,23/04/1988,FK833,02/04/2015,BHMFOS
U319236089,Victor U. Mcmillan,29/10/1961,LG955,17/10/2015,QQWIGQ
S609652289,Courtney Wilkinson,19/10/1979,KU123,03/02/2015,PFSWZW
C542614206,Maite U. Morrow,06/02/2014,FK372,09/09/2015,NBIAOA
E464533692,Ulysses Q. Mendez,07/06/1992,HG633,01/08/2015,IIFPLH
W093761806,Glenna K. Mcpherson,22/10/2011,UH865,09/04/2015,LTSDQJ
Y967306687,Vincent Jenkins,27/08/1961,TL729,02/10/2014,BVONAX
I438659855,Noel Campos,28/08/2009,OU255,17/05/2015,SFFHQZ
Y940299103,Abbot Y. Lamb,16/04/2007,LA158,04/03/2015,RJHAHI
T204756676,Jerry R. Sharpe,22/07/1970,RE264,17/03/2015,INUGGD
V778605759,Calvin Byrd,27/08/1962,BF162,04/09/2015,MNAPAJ
R513563640,Velma Mcpherson,04/03/1953,YK779,19/01/2015,DSLAYI
S307878241,Jasmine Strickland,30/05/1996,HK619,26/11/2014,CXYDPZ
W508072708,Brennan U. Roberts,31/05/2014,CX711,29/11/2014,LNLWCX
C396287784,Kato Z. Mathews,18/12/1930,TK195,27/10/2014,OOKGYE
K217819797,Theodore Chavez,22/10/1990,TK937,15/04/2015,VBDYZA
J838454143,Amy N. Clements,03/01/1967,PL872,13/02/2015,BLZBPG
Y608124467,Karen K. Mays,03/09/1997,AU258,06/11/2014,OFAPCY
G305822303,Sheila G. Guy,02/11/1981,BJ447,20/10/2015,ZWTMMH
O942621886,Ora K. Harvey,04/06/1943,UD456,26/08/2015,DJWCDG
U490751773,Zephr Haley,09/07/1968,SM132,16/07/2015,ORXLIF
E432847761,Simon U. Richardson,17/08/1949,ZE616,01/06/2015,TWVWSF
B687937612,Holmes L. Navarro,18/12/1975,QM223,01/10/2015,SVQCTP
Y399987670,Honorato Sanchez,04/09/1943,YO582,30/08/2015,UXTVJI
N358380950,Uma D. Gilmore,02/11/1970,OC813,23/12/2014,RCLRTF
L312574473,Latifah Mccarthy,15/04/1993,SJ482,08/05/2015,IEJJLB
G088580270,Tanya G. Kane,26/07/1938,DL963,09/01/2015,ACYNQE
Q928222891,Wynne D. Willis,30/08/1979,FO791,28/09/2015,BWZCHO
B873754962,Rachel Wilson,13/02/1990,CK753,17/01/2015,JNWEMW
K593289744,Xantha Simon,04/01/2003,SP616,28/06/2015,OUATEN
C869165597,Cailin G. Nicholson,27/09/1957,EW442,20/08/2015,FFZJUO
S999523494,Kiona E. Beck,08/03/1938,JR359,02/04/2015,EXILVQ
L414525340,Yoshi Holmes,18/01/1964,TB539,17/10/2015,NBENNT
L602136606,Tyrone V. Cunningham,18/07/2005,IC892,03/02/2015,PITMYV
N243746144,Yvonne R. Sullivan,09/05/1996,TR516,09/09/2015,NENQKI
S275230798,Jade Moran,10/01/1978,PZ741,01/08/2015,BOHCEE
F866125823,Sheila A. Joyce,04/07/1935,CT552,09/04/2015,HFWBBR
K212795720,Jocelyn J. Burgess,20/09/1934,OK726,02/10/2014,KSMIKB
E738427844,Destiny Whitfield,14/12/1943,PX492,17/05/2015,RYJOBQ
Z369425324,Jane N. Odonnell,18/10/1970,XM594,04/03/2015,OHWLFQ
W696415578,Richard Rodriquez,09/11/2014,RR144,17/03/2015,JJIYSA
M152805627,Galena F. Merritt,04/08/1996,MX666,04/09/2015,URZLUL
L639876071,Davis W. Mcmahon,09/04/2002,MX833,19/01/2015,YIVFHW
P630367173,Ulysses E. Best,04/09/1938,NR951,26/11/2014,ZYCKPI
U777746266,Hop C. Mercer,20/09/2003,UQ641,29/11/2014,VGOHTF
K217900159,Gage A. Wright,27/05/1974,BQ193,27/10/2014,UGJCLY
K809515342,Daphne Kerr,08/05/1965,SG713,15/04/2015,FPBFBY
U520425939,David X. Mccray,10/11/1990,UN276,13/02/2015,FAIHOJ
V477646802,Brock Webster,11/04/1973,GG844,06/11/2014,RQZHEA
X284844657,Quentin Kramer,25/08/1940,AX557,20/10/2015,KRXHYC
B880108460,Shelly O. Rios,25/11/1956,MW384,26/08/2015,ZNHFOW
Q109737891,Seth Allen,02/11/1988,PX116,16/07/2015,BUDRLY
O624070956,Tasha C. Hays,13/07/2005,EW776,01/06/2015,DRVGPJ
Y256537970,Reed Molina,23/11/1996,EF293,01/10/2015,JACZHF
L534180572,Drake Tucker,01/08/1988,FI515,30/08/2015,OGWLNL
R932332385,Josephine M. Levy,25/12/2010,LF627,23/12/2014,LNJKWB
V466976279,Zeus Washington,17/07/1964,OE337,08/05/2015,OUDVFN
D343390854,Lenore Russell,26/12/2001,EP477,09/01/2015,KSMAHQ
O975046694,Warren Y. Cortez,09/06/2012,ML362,28/09/2015,PGCSYL
A589967462,Hedley Armstrong,19/04/2007,OV682,17/01/2015,XRNFUS
U027446417,Palmer English,08/08/1965,DE257,28/06/2015,GEWKEJ
R496232149,Bertha Vega,18/10/1990,OD618,20/08/2015,GYAYZJ
T943414002,Karyn I. Williams,14/08/1937,SA438,02/04/2015,BGKHIG
F532281320,Dana M. Hurley,20/11/1957,GO482,17/10/2015,BLOMCU
Q957350389,John Mcmillan,30/05/1991,US375,03/02/2015,CNMBGM
C483448697,Minerva S. Barnett,19/12/1972,IJ568,09/09/2015,HFDAGW
E076648531,Ryder Hodge,16/01/1987,GJ227,01/08/2015,IKOHDT
L281758041,Cheryl H. Chavez,13/05/1934,TY673,09/04/2015,WJTSCM
X024847473,Edward E. Berg,19/07/1949,HP635,02/10/2014,ECLTVG
M259185484,Ginger Weeks,01/09/1970,AD341,17/05/2015,INHLDS
W433033826,Carissa Fowler,16/03/2013,WU823,04/03/2015,OPCCTT
N693909455,Ifeoma Nash,09/07/1954,JS913,17/03/2015,RUQRIS
D101466401,Wyatt U. Waller,05/07/1966,XC663,04/09/2015,ECGBUR
U233612174,Isaac G. Holt,30/10/1978,NI341,19/01/2015,PACLBM
Z042612321,Tatyana T. Kramer,18/12/1980,VK317,26/11/2014,FTCKTM
A383593741,Diana F. Gordon,29/12/1978,BW871,29/11/2014,PYIOSV
S705162455,Hayes Houston,12/05/1998,KF636,27/10/2014,IMEEHN
O781647041,Candice Olsen,26/07/1982,JO299,15/04/2015,IYFVQP
A576434179,Sloane Harris,02/03/1933,NF616,13/02/2015,WKETLP
N833552501,Bruno A. Hopkins,22/11/1988,QD814,06/11/2014,ABWDOP
I039580561,Acton B. Smith,22/12/1933,JC349,20/10/2015,AYJOCX
V839815471,Nomlanga Wallace,17/04/1965,XD473,26/08/2015,SYYFWD
X814164901,Oprah House,08/07/1971,NU144,16/07/2015,RSDLFY
C264198912,Keely Morales,13/10/1939,PB127,01/06/2015,LWKJXJ
O538930107,Mufutau Park,02/07/1954,GS317,01/10/2015,PXWNPI
U241127210,Brian S. Valentine,05/10/1979,IG743,30/08/2015,EVDRET
M480455925,Damian G. Mcneil,14/01/1966,BQ979,23/12/2014,FMMSMQ
Q328988012,Tanya Ramirez,09/06/1959,LW491,08/05/2015,DOSVJK
R697271840,Winter N. Burks,05/04/1997,WM355,09/01/2015,DJMJJG
O500858457,Vielka Dillon,04/02/1960,CQ695,28/09/2015,GCLMYP
I244453211,Delilah Buchanan,28/05/1984,AF342,17/01/2015,FPJYYX
O822773743,Shea Holden,05/06/2005,JZ948,28/06/2015,ZZKJQJ
C693572038,Lewis Nieves,16/09/1986,WV163,20/08/2015,GVWEYE
V477477458,Hayes Q. Sears,04/04/1987,KK347,02/04/2015,SIIQFQ
O055358746,Vielka Hatfield,11/10/1931,SN987,17/10/2015,OLPHQH
J783756921,Simone Odonnell,12/01/2006,HJ144,03/02/2015,BRHWAQ
M966589775,Kendall Mayer,17/04/1982,MW672,09/09/2015,ZMOZBC
W969798666,Rina L. Adkins,03/02/2003,ZZ453,01/08/2015,ZNPSLP
H817416846,Raven Greer,02/10/1966,VO354,09/04/2015,WJWCHQ
X752342899,Ivory Castillo,21/10/1953,OK374,02/10/2014,WTPLMN
Z333608161,Tobias Aguirre,24/10/1961,NU525,17/05/2015,WJXPDG
A907336712,Mercedes Knapp,28/12/1948,ML495,04/03/2015,WDDANB
V592655779,Howard U. Noel,29/09/1961,XD656,17/03/2015,LMEEZS
H265508425,Hamilton D. Steele,08/12/1940,DQ328,04/09/2015,IIKJNW
Y435508406,Baker A. Massey,19/09/1947,TL456,19/01/2015,CUBITS
T995786632,Julian Pitts,22/10/1968,JG971,26/11/2014,WVLZCU
K220627578,Sopoline Wagner,01/12/1977,OL516,29/11/2014,EZQLEV
G839647528,Lillian E. Goff,30/06/1965,TX928,27/10/2014,ZXGTLA
V043872040,Igor Sanchez,26/09/1958,NC941,15/04/2015,OAAVIM
W358603553,Bertha Clark,26/07/1934,OZ943,13/02/2015,TOEBLV
N550680875,Lucas U. Mendez,09/12/1981,CT133,06/11/2014,ZZEIGV
P917945452,Garrison E. Lynn,04/03/1932,DP233,20/10/2015,EHIHVI
K155082236,Uriel Mcfadden,22/02/1996,DR526,26/08/2015,HNVECF
L353418163,Flynn Garza,31/01/1965,CH882,16/07/2015,LDCXBN
N873595152,Dieter Terry,22/05/2008,GQ694,01/06/2015,NRYAJP
O192257076,Delilah Rutledge,17/03/1976,WJ956,01/10/2015,BNOMWN
B315989856,Darrel D. Davis,21/06/1951,OT241,30/08/2015,WFEAXG
L415222348,Lyle Edwards,08/10/1973,XL534,23/12/2014,DQIIWX
E856581251,Ulric Z. Houston,19/07/1996,IA212,08/05/2015,VZNUVS
J973772801,Carlos Lambert,27/09/1960,MZ938,09/01/2015,TFLGRO
D056914666,Althea Hahn,11/04/2006,PA139,28/09/2015,OYFSZD
Q825491646,Tanya Marks,28/11/1953,MO321,17/01/2015,CEECUR
X400656375,Igor Orr,20/10/1992,EV363,28/06/2015,YSJLJL
T202604942,Anthony K. Franks,13/11/1944,QS244,20/08/2015,XHUSLJ
C613585042,Murphy W. Avery,01/12/1965,JT167,02/04/2015,WZAEHJ
A959561516,Mariko Baird,27/10/1971,BE421,17/10/2015,LDRYBZ
C349076701,Penelope Joyner,16/12/2002,VO294,03/02/2015,VJSWIX
Y962594524,Naida Hensley,30/04/2000,OC926,09/09/2015,KYXUOJ
H864253448,Halee Miller,04/12/1980,HN255,01/08/2015,VYOSUH
L318856634,Maris L. Bates,03/06/1969,KC198,09/04/2015,SHHJCV
S218030429,Seth Q. Duncan,20/12/1932,MX634,02/10/2014,KBNQAY
W311993276,Clio U. Bush,16/08/1959,KT262,17/05/2015,KKJMGF
C790594540,Cade Sosa,10/03/2003,YS479,04/03/2015,VPICEM
G691076431,Kalia Guerra,09/04/1937,FT653,17/03/2015,MSPUGD
J299143387,Theodore M. Moon,08/10/1966,HV818,04/09/2015,OTKSHY
R519268976,Kirby Moses,31/07/1983,ZP383,19/01/2015,FLSYWT
W073874786,Shea Clemons,10/12/1991,JG222,26/11/2014,WFCBNU
F607631362,Jacqueline Russo,30/10/1948,BZ795,29/11/2014,VDBVUQ
G821786844,Colette U. Alvarado,02/07/1934,IE757,27/10/2014,QLGMQE
P150321171,Abraham T. Wilkinson,16/04/2002,GQ142,15/04/2015,ODRRYC
T158029056,Martin Workman,07/06/1975,GB328,13/02/2015,XJMZXC
M784060960,Randall Ellis,28/06/2011,PL326,06/11/2014,TEXKPH
G274352825,Sophia Q. Guy,07/02/2010,DX726,20/10/2015,UXTQBM
C607748092,Kieran Morse,09/04/1981,PG226,26/08/2015,SUJXLU
V175493493,Ariel Pittman,26/10/1979,TF278,16/07/2015,GHZXMK
G124154042,Patricia Ford,22/11/1941,WZ635,01/06/2015,EDCIKE
U584044944,Wilma Townsend,06/02/1963,CM655,01/10/2015,OFAWBA
I949742141,Piper W. Ballard,19/02/1988,BA289,30/08/2015,EMCMDN
Y302872047,Dane P. Berry,12/05/1999,VN222,23/12/2014,GXVCNF
R421142980,Jesse Calderon,03/05/1993,ZK161,08/05/2015,MQTDBW
I479790643,Alma A. Holder,21/08/1995,XZ421,09/01/2015,QEJTTN
A843199906,Inga G. Gill,22/10/1999,VG557,28/09/2015,TGIRTN
V270883130,Maia U. Flowers,26/12/1969,HD523,17/01/2015,COWTJK
G803811642,Nevada Pearson,30/12/1970,KU639,28/06/2015,RLYYNB
P783361063,Elizabeth V. Landry,09/08/2002,PO851,20/08/2015,LQVKGN
J893332035,Molly E. Bradshaw,11/12/1984,CS997,02/04/2015,ULAOMX
H725990421,Dustin Y. Perez,15/08/1982,QS912,17/10/2015,VMVQYL
L057596092,Margaret P. Manning,30/10/2004,KQ526,03/02/2015,EOEVCU
N584287182,Abigail M. Chapman,18/02/1973,EV813,09/09/2015,GTGQQY
S546281460,Sylvia M. Castaneda,19/11/1960,PQ887,01/08/2015,EXZFEH
D096820649,Rebecca Rosario,31/10/1966,QN418,09/04/2015,CDXILK
B557881017,Fiona I. Estes,30/07/1940,TJ745,02/10/2014,HXRRRG
C209184054,Lucy W. Rivas,25/05/1962,FA447,17/05/2015,BZNKWE
A438080878,Tyler Flowers,09/11/2008,QJ173,04/03/2015,ZWZZJO
O484237631,Mary Pacheco,28/01/1949,EG531,17/03/2015,RCOOQG
C220046617,Rose N. Davis,01/04/2009,YR741,04/09/2015,MSPZXX
A452037369,Mona Solomon,02/12/1980,LJ954,19/01/2015,HTXYVZ
L230885520,Claire Palmer,18/08/1997,NC793,26/11/2014,HWBNKP
G227125867,Victoria Hahn,17/03/1949,YI292,29/11/2014,KSQQJN
L213994375,Kermit Harris,13/09/2005,ZO993,27/10/2014,ORKTNG
V114504869,Colleen Kirkland,31/03/1946,QO325,15/04/2015,WTZDXW
Y148650446,Brett Rocha,07/01/2012,VT527,13/02/2015,TLVXYC
V299886934,Noel Gallagher,19/06/1968,KU876,06/11/2014,PTVUZT
U430066578,Breanna Nash,04/05/1994,QO713,20/10/2015,WVXQDR
F294644112,Fallon X. Macdonald,14/10/1964,FD971,26/08/2015,QLBDCR
K080866858,Faith T. Browning,27/01/1960,XE342,16/07/2015,ZCTPYI
N759537673,Sara Holloway,09/10/1939,WS741,01/06/2015,FBXZLE
A196065786,Martha Mckinney,05/09/1971,ST135,01/10/2015,MNYHVI
H396337813,Jermaine Lucas,27/09/1988,HI967,30/08/2015,ZCYUYH
Y707711323,William R. Church,08/06/1979,CC259,23/12/2014,VMPYSC
Q163793728,Quynn Rowland,21/07/1957,WK216,08/05/2015,IHNYTT
N249165469,Hope Albert,13/04/1998,GO863,09/01/2015,BHOVFK
V343983594,Geraldine Cameron,05/05/1954,NR413,28/09/2015,OKGPGH
B661192808,Sybill Sweeney,22/07/1985,XU893,17/01/2015,QMBZQS
E020943400,Darrel Marquez,08/12/1976,TQ788,28/06/2015,OWREGB
H027795107,Ferdinand I. Flores,09/02/1987,RG832,20/08/2015,XPNUOJ
M464063054,Charity Glenn,30/06/2014,MM946,02/04/2015,TQVDAE
S019176082,September C. Ochoa,17/05/2001,NV968,17/10/2015,RCKJAX
T165405109,Reece Stafford,26/07/1937,WA351,03/02/2015,CFXWQT
P923313907,Otto J. Haney,19/02/1980,LA486,09/09/2015,VOPVIG
S251007277,Cecilia S. Aguirre,06/09/2013,QY351,01/08/2015,ZKCUSW
W932024289,Bo Hodges,22/05/2014,UN412,09/04/2015,ISJOPV
K229553281,Allegra Stanley,19/08/1971,FM393,02/10/2014,VKBHRO
K886923095,Xaviera Richard,04/09/1978,XH129,17/05/2015,MKCGIQ
R068152526,Rhonda Nash,08/11/1938,HX164,04/03/2015,RCWGSV
X263059893,Shay Pate,06/07/1979,VO614,17/03/2015,UVBXRL
R519346943,Phyllis Watkins,28/06/1983,BM869,04/09/2015,TMJJRO
O027257634,Daria Gallagher,27/01/1948,GJ371,19/01/2015,OXEFHP
H270660058,Russell W. Watkins,21/04/1971,AM342,26/11/2014,LQSZSK
P862651802,Lacy Huber,31/05/1953,TU299,29/11/2014,KLWBZY
T898099464,Maya X. Green,04/04/1985,UF982,27/10/2014,EQHHPZ
O463855170,Calista W. Hammond,23/05/1997,ZF253,15/04/2015,OQRPMH
X685045211,Marcia Cherry,31/10/1947,YK449,13/02/2015,MHEMXL
L575009468,Thor Y. Fields,21/04/1955,IG775,06/11/2014,CKKLNL
Y913307221,Yardley X. Potts,11/02/1992,VQ149,20/10/2015,XAZVTF
Y819743764,Hillary L. Lester,18/05/1998,NC481,26/08/2015,BXNBIU
L382663559,Sopoline U. Walters,26/02/1965,VP946,16/07/2015,WLOUQB
R932533755,Hiroko X. Bright,23/02/2007,JP455,01/06/2015,TMGJGJ
D418969103,Leigh B. Shaffer,06/06/2012,OJ722,01/10/2015,XFMSYW
K633694185,Diana Johns,31/01/1938,CR729,30/08/2015,IBLCEQ
Q969254706,Hope Greene,23/10/1962,ED183,23/12/2014,QIXXFR
J700740903,Dawn A. Mcconnell,05/10/2003,IK929,08/05/2015,LAYVBH
A858120005,Katell Massey,15/12/2000,CT625,09/01/2015,EDZIRM
Y719205211,Skyler V. Stokes,29/01/1962,DC527,28/09/2015,WAHRAQ
L918889898,Kamal O. Brady,23/02/2003,UN971,17/01/2015,DSZRNU
V128895033,Vernon X. Durham,23/08/1958,ZQ752,28/06/2015,CBUILM
A852379097,Vladimir Bullock,30/08/1966,QA596,20/08/2015,DGSAZF
S645297766,Kathleen Y. Garza,31/12/1973,YN451,02/04/2015,GOQXZV
J724632662,Iola X. Davenport,19/11/1972,MJ359,17/10/2015,KCIXOO
N833678108,Tashya U. Maxwell,04/08/2007,ZV687,03/02/2015,RLAFDH
R162962289,Wendy Avery,11/03/1934,PX595,09/09/2015,PDODCL
J643647868,Knox Noel,12/10/2014,PU966,01/08/2015,UUOEAK
B137200329,Alexis I. Wynn,20/11/1936,RN781,09/04/2015,GPJPXI
F318365386,Pascale Benton,19/07/1999,TF572,02/10/2014,CNQHVD
M808344863,Baxter Little,05/04/1940,PI153,17/05/2015,MFINCK
U166852354,Quemby Mcmillan,13/09/1938,EC683,04/03/2015,UMBKQT
B833674920,Colin Burns,18/02/2003,TO863,17/03/2015,EIFGWW
U196451843,Autumn Dominguez,09/08/1952,JC141,04/09/2015,EJBLJL
E736633095,Iola Christian,28/09/1990,LF367,19/01/2015,EVTZKG
P351179220,Mufutau Diaz,29/05/1992,SX595,26/11/2014,DUMFVU
L319997763,Solomon Emerson,24/06/1944,JU465,29/11/2014,JDTNGZ
C877533993,Reuben Mckinney,27/09/1990,QX296,27/10/2014,IVBUIO
F299111603,Quail U. Pacheco,27/11/1954,ON296,15/04/2015,YFOLJR
S238004096,Jenette J. Peters,02/04/1943,XF573,13/02/2015,FTVTRD
Y780638906,Mufutau X. Stevens,30/03/1989,YI355,06/11/2014,FEIXMC
G286515127,Lars Moon,26/02/1970,MW872,20/10/2015,QRQIZH
T851157089,Sharon Bauer,02/10/1999,KL581,26/08/2015,YYGQEG
W086825238,Basia T. Morton,24/04/1954,ML365,16/07/2015,NZAKSC
Z400495283,Brittany S. Durham,11/12/1967,WA296,01/06/2015,STJDRW
V714511451,Zorita Beasley,18/10/1949,VH662,01/10/2015,ZUJNDH
J770619262,Blythe L. Rivera,25/07/1933,DV112,30/08/2015,UEZVVO
F668658036,Deborah O. Vincent,13/06/2006,TZ548,23/12/2014,YJUKJO
B067072417,Joseph X. Rasmussen,21/04/1951,LY968,08/05/2015,PBOGCX
M407326925,Clarke R. Marshall,29/01/1962,WA224,09/01/2015,GRZFMR
Z993408660,Winter Dunlap,03/08/1964,EC643,28/09/2015,JYAJKT
D265762411,Juliet V. Estrada,16/01/1962,KO217,17/01/2015,GNCIZI
O503937642,Fiona Allen,18/06/1946,NH911,28/06/2015,DGMZBL
E607811430,Yoko Nichols,25/12/2009,FW978,20/08/2015,GZYORB
Y759531286,Wayne A. Burnett,30/09/1992,RC635,02/04/2015,IEMHGL
D633082052,Isaiah Lang,13/05/1991,OX343,17/10/2015,QMPSFC
D885567567,Jaden Russo,16/03/1976,HF879,03/02/2015,DPCSQI
C989897779,Idola S. Howe,03/02/1942,GJ494,09/09/2015,EKMGXT
S920078373,Edan Rivas,12/09/1948,EP716,01/08/2015,PXGOYC
M981556895,Maxwell B. Orr,18/11/1995,KY433,09/04/2015,UOZFLJ
H182761727,Dylan Barnes,09/09/1979,PU676,02/10/2014,IKDLAE
O501807624,Graiden Z. Buck,23/12/1968,AH273,17/05/2015,FEPZLZ
Y146296222,Igor Clayton,25/09/1951,AU195,04/03/2015,GDALSK
Y452932129,Brody Hubbard,20/03/1956,SK429,17/03/2015,QZLYCT
M261133820,Irma Howell,23/04/2015,MR445,04/09/2015,TRSGJN
T245947881,Katell Burke,01/04/1997,RW156,19/01/2015,GKUEYK
U116332705,Aurora A. Barker,22/05/1994,QG764,26/11/2014,BMBUXR
X259826321,Deanna A. Nixon,04/08/1983,ZT755,29/11/2014,DGMZMI
Q278108313,Wallace M. Holt,26/06/1995,TJ528,27/10/2014,EFHFLM
H745142018,Yael P. Villarreal,08/06/2010,WC729,15/04/2015,YUUYQB
P379802627,Megan I. Fowler,31/01/1966,TY284,13/02/2015,WNMKPV
J011591128,Ima Middleton,05/10/1986,JZ982,06/11/2014,HYJDJL
Y057520052,Hope V. Caldwell,06/01/2012,QD274,20/10/2015,GCGHZK
H837042049,Harriet Johns,13/06/1992,BS983,26/08/2015,TVYWMS
L956412392,Haley Noel,19/12/2003,PZ343,16/07/2015,QPZDOS
C355521468,Carissa Bridges,07/11/1949,PC471,01/06/2015,WQGPPJ
J993694131,Bevis V. Haney,29/02/1972,MX674,01/10/2015,SSTAIV
W395010508,Kelsey G. Sims,27/11/1958,SI825,30/08/2015,YUOUUJ
U694966973,Eugenia H. Giles,01/05/1958,MD234,23/12/2014,RXTHJO
V559978158,Hiram Wise,09/02/1946,KP119,08/05/2015,FTRPNF
M439454429,Mira C. Leon,19/11/1955,WD439,09/01/2015,NRRRQQ
K124540988,Wayne Sims,09/02/1955,CA328,28/09/2015,RXCQAR
Y929016395,Madison O. Mayo,10/10/2014,TY453,17/01/2015,TTJESM
P924425773,Clinton P. Shelton,25/05/1936,MF387,28/06/2015,UFIOFE
B839392812,Louis E. Nichols,02/08/1990,DI762,20/08/2015,UXWVHZ
X139129591,Adele Cummings,29/08/1952,RF767,02/04/2015,QPRSAD
L123029051,Castor Murphy,23/10/1943,KU454,17/10/2015,WZCNIF
M797218453,Austin V. Rice,07/05/2006,BD385,03/02/2015,RMBSGD
B965521048,Marny K. Hernandez,06/11/2000,LJ198,09/09/2015,OEMPJX
O821886070,Pamela Olsen,05/04/2013,VB195,01/08/2015,UUBPLI
I737805707,Ava W. Cannon,11/04/1947,GW813,09/04/2015,ILLXHK
U439763843,Micah Vazquez,22/06/1953,YX247,02/10/2014,LEIJDX
O819398919,Daryl Sanchez,14/07/1938,HS354,17/05/2015,QWHIMU
Q506923017,Phyllis V. Mcgowan,12/09/1975,JU149,04/03/2015,EXJOFO
D048349498,Odysseus Norman,30/05/1988,QT446,17/03/2015,AUBAIY
F486912117,Eaton Smith,02/04/2008,GR996,04/09/2015,DKMCRP
S114886340,Ezra B. Quinn,31/08/1989,SV296,19/01/2015,ZBBSRE
P631342929,Dahlia Wells,18/09/1968,TV117,26/11/2014,CUAGAD
S817347112,Chester Fields,02/05/1960,LL676,29/11/2014,VLESYE
E572846671,Fletcher C. Espinoza,27/11/1940,SK844,27/10/2014,JTEESE
Q730494528,Maile Z. Everett,04/05/1982,KO725,15/04/2015,YICDAP
O634356972,Ferdinand Massey,25/06/1935,QZ984,13/02/2015,RXAMZS
O928684598,Noel Bernard,18/12/1953,BY475,06/11/2014,PYSZYN
U835342140,Jayme Bauer,27/04/2010,NZ655,20/10/2015,FASZIL
K971303764,Quinn Mccarty,13/08/1954,KB481,26/08/2015,YTRGYD
F624815409,Carter Coleman,27/01/1936,AV292,16/07/2015,KBPUAU
B369174578,Curran Montgomery,23/04/1988,CB684,01/06/2015,GXJCBH
D628743854,Malachi Emerson,29/10/1961,ZF975,01/10/2015,PVCGAW
X707013412,Adria M. Garcia,19/10/1979,KR167,30/08/2015,YUGQGT
V498987200,Daniel L. Hunt,06/02/2014,IR483,23/12/2014,VLOZLC
I524376942,Hilda Anderson,07/06/1992,JA888,08/05/2015,FEZTKU
A301927281,Paki Joyce,22/10/2011,IL443,09/01/2015,XHEQNE
V946495668,Ayanna Q. Salazar,27/08/1961,SW933,28/09/2015,BWINCY
I671509648,Halee E. Ortiz,28/08/2009,AR349,17/01/2015,JJGPAF
M722720646,Eagan D. King,16/04/2007,UO963,28/06/2015,XDPVYJ
T667935590,Patricia X. Branch,22/07/1970,EY594,20/08/2015,RKPOIZ
J607432496,Hyatt Patel,27/08/1962,LB542,02/04/2015,RYMHDV
W918128578,Hyacinth I. Thornton,04/03/1953,SI483,17/10/2015,AIKGIA
Y845349819,Gray Gilmore,30/05/1996,IO521,03/02/2015,IZSSEQ
M493909914,Lillith Whitaker,31/05/2014,LS136,09/09/2015,FFYEJL
W689277434,Lev D. Banks,18/12/1930,SJ946,01/08/2015,QWTXPX
O951407728,Fletcher Espinoza,22/10/1990,TN593,09/04/2015,LLAKTX
R164729000,Bruno V. George,03/01/1967,MI295,02/10/2014,OUJRDW
Y262517971,Carla I. Miles,03/09/1997,GG136,17/05/2015,WOPPSQ
D201845296,Justina Q. Salazar,02/11/1981,XT465,04/03/2015,OLWZQR
Y088667325,Tucker Gardner,04/06/1943,TQ241,17/03/2015,TVEXIV
P388363066,Madaline P. Velasquez,09/07/1968,JC335,04/09/2015,LQIPQV
H124311427,Matthew L. Rivers,17/08/1949,RR929,19/01/2015,ZOBOBZ
X688093217,Sacha L. Morse,18/12/1975,IJ849,26/11/2014,NIVRZQ
H519997296,Vaughan Harrison,04/09/1943,QX855,29/11/2014,RUUTFP
I152952875,Zeus Lang,02/11/1970,OY929,27/10/2014,ZLUQIV
A938706228,Colby Cantu,15/04/1993,RD388,15/04/2015,MXZSVR
Q143152699,Signe Moody,26/07/1938,CO271,13/02/2015,EAZKXN
U353498998,Irma D. Morse,30/08/1979,XF763,06/11/2014,ZXMSTL
S841258192,Keaton B. Wall,13/02/1990,NQ428,20/10/2015,WWQDJU
Z395142193,Germane G. Daniel,04/01/2003,IF837,26/08/2015,LCFIYE
D918079608,Lee Francis,27/09/1957,VB253,16/07/2015,BQZCKL
P892145327,Macaulay Gonzales,08/03/1938,LE925,01/06/2015,MZFJTH
Y263153700,Suki N. Clemons,18/01/1964,NC322,01/10/2015,AFZYBO
W223829865,Kylie Waters,18/07/2005,XJ442,30/08/2015,JIPWEL
N522370885,Carson Y. Dyer,09/05/1996,BL585,23/12/2014,XGOIHN
G774702244,Magee Doyle,10/01/1978,PY696,08/05/2015,GSXDHD
R527176289,Sebastian Mcconnell,04/07/1935,ZT579,09/01/2015,OVMCVF
G751741968,Imani Clarke,20/09/1934,DX787,28/09/2015,RHJCTU
F114754128,Ila Q. Molina,14/12/1943,GF554,17/01/2015,XURUHZ
Z648383670,Victoria Pope,18/10/1970,CO777,28/06/2015,AQFHJD
A712015271,Herman Hahn,09/11/2014,FM549,20/08/2015,NYVVUX
T281511454,Shoshana C. Smith,04/08/1996,GY784,02/04/2015,DHZYXO
M829353372,Kadeem O. Jensen,09/04/2002,WC275,17/10/2015,WEHRDX
V780644034,Owen Y. Pugh,04/09/1938,SD934,03/02/2015,WFPAGG
J843868593,Natalie T. Woods,20/09/2003,CN156,09/09/2015,DDLOQP
F227873064,Zelenia Kinney,27/05/1974,HZ833,01/08/2015,MYGHOT
J613990042,Kathleen A. Mack,08/05/1965,GN555,09/04/2015,JTWIPT
P172489621,Tanek Morales,10/11/1990,AB745,02/10/2014,NYFKQL
M616670768,Emmanuel Z. Thornton,11/04/1973,GU518,17/05/2015,IJQJYU
V094248187,Igor Calderon,25/08/1940,XI585,04/03/2015,KYFSLQ
O204751960,Wang Valentine,25/11/1956,HV225,17/03/2015,RJOBDH
H934570195,Tanya B. Sykes,02/11/1988,EX851,04/09/2015,QXMPDH
J431193107,Elaine Burton,13/07/2005,QJ548,19/01/2015,VBOLLB
Y524109883,Simone W. Frazier,23/11/1996,PF994,26/11/2014,OGTFNC
P916833523,Meredith Dunlap,01/08/1988,ZS277,29/11/2014,DHOULO
R140239118,Jocelyn Leon,25/12/2010,BJ564,27/10/2014,HVNJNV
W767663733,Odette Chavez,17/07/1964,XQ328,15/04/2015,OMSERV
A695202590,Jesse B. Cohen,26/12/2001,NQ965,13/02/2015,DBVHDV
F483639646,Deborah Roman,09/06/2012,TE475,06/11/2014,POMNXU
Y300718494,Minerva Z. Leon,19/04/2007,YC978,20/10/2015,DPPSBA
O553847000,Jin Clemons,08/08/1965,DE363,26/08/2015,USAYPZ
R627561321,Buckminster G. Lowery,18/10/1990,GV463,16/07/2015,DVFKTP
P396182003,Jessamine D. Cleveland,14/08/1937,OC339,01/06/2015,JQHAMX
Z890837850,Nayda Kane,20/11/1957,QJ538,01/10/2015,QMYQOI
A411296747,Shad N. King,30/05/1991,PT795,30/08/2015,VKQRFD
V914713744,Iris Mullen,19/12/1972,ED421,23/12/2014,LSFGNA
X030046875,Zeph Barrera,16/01/1987,UU328,08/05/2015,IVHSGM
R157576847,Timothy Brooks,13/05/1934,BA683,09/01/2015,AFPEEE
B815144590,Lenore V. Eaton,19/07/1949,NF547,28/09/2015,IDAUFB
E653387938,Kelsey H. Bauer,01/09/1970,ZA129,17/01/2015,QVLGAB
G024538784,Cassandra Robbins,16/03/2013,BN225,28/06/2015,LJXAPW
Q820775277,Cheryl Santos,09/07/1954,KY817,20/08/2015,DDEDKS
J481328548,Janna A. Vaughan,05/07/1966,WO232,02/04/2015,TBLAGE
Y796246876,Rigel P. Neal,30/10/1978,CC445,17/10/2015,OTOTDN
C121299674,Leslie O. Molina,18/12/1980,TW447,03/02/2015,VUBIAC
D948852474,Sierra Harrell,29/12/1978,FL316,09/09/2015,KEHIQB
V515113585,Jesse P. Hinton,12/05/1998,AQ791,01/08/2015,AYICMJ
U095221064,Donna Haney,26/07/1982,QF529,09/04/2015,DYEKYB
M995252052,Fritz Sykes,02/03/1933,PL844,02/10/2014,VEQZDM
Y694914262,Ivana Z. Hyde,22/11/1988,FM536,17/05/2015,QCRYPS
L751097340,Hammett Bowman,22/12/1933,MU576,04/03/2015,JOVTQQ
D923566009,Wade Meadows,17/04/1965,ML533,17/03/2015,IHFZBW
H552126286,Colin David,08/07/1971,KB482,04/09/2015,PLZJDR
K060321088,Veronica B. Osborne,13/10/1939,UP835,19/01/2015,CQBVGC
P205726363,Perry Y. Todd,02/07/1954,WA668,26/11/2014,ASNBBJ
G899388707,Keefe Reyes,05/10/1979,QQ745,29/11/2014,CZTOWA
H198938310,Gemma B. Castaneda,14/01/1966,YF652,27/10/2014,PINLNQ
A621211417,Quincy Mccoy,09/06/1959,PH566,15/04/2015,DXWVBS
L824774012,Penelope Sanders,05/04/1997,RN311,13/02/2015,UXXBRX
C778876336,Ocean Carr,04/02/1960,NA695,06/11/2014,WHADFF
K457999657,Gisela G. Alexander,28/05/1984,RS446,20/10/2015,SFLVRG
B990255285,Madonna X. Mayo,05/06/2005,AN688,26/08/2015,SLXNKM
L726810821,Genevieve M. Nelson,16/09/1986,PC675,16/07/2015,NZPPIJ
E522767222,Jared Ramirez,04/04/1987,QQ926,01/06/2015,EBDMIW
A574191904,Andrew J. Frederick,11/10/1931,ZK621,01/10/2015,VDSMKL
K168564205,William Grimes,12/01/2006,SX374,30/08/2015,GGRNGN
T321246670,Samantha Duncan,17/04/1982,ER188,23/12/2014,TJVPHC
F708246037,Xander I. Gross,03/02/2003,GA292,08/05/2015,JMIXBW
P070780664,Tucker Michael,02/10/1966,WE388,09/01/2015,VAZTEU
F219903719,Hilel E. Chase,21/10/1953,LV886,28/09/2015,IPERTT
M081066568,Lenore M. Fry,24/10/1961,VR311,17/01/2015,DPNEWJ
T635102797,Upton Turner,28/12/1948,ZU782,28/06/2015,ORMTOL
X217570583,Bert Flynn,29/09/1961,JA118,20/08/2015,TCFQLO
P769525197,Rudyard Koch,08/12/1940,ED913,02/04/2015,VXLLHK
M403025018,Willow C. Smith,19/09/1947,NH921,17/10/2015,VEVYCJ
L480853581,Oleg H. Page,22/10/1968,XJ874,03/02/2015,UEJRML
Q098494121,Jack Norman,01/12/1977,OC368,09/09/2015,STYZHO
L041004390,Kelsey X. Skinner,30/06/1965,AH537,01/08/2015,DXFDDP
V361304252,Josiah Berry,26/09/1958,YC999,09/04/2015,FZIKUQ
H169326046,Cain Barnett,26/07/1934,JU394,02/10/2014,SLNEFU
Y309618941,Merritt M. Albert,09/12/1981,ET638,17/05/2015,PEMYRQ
O303207285,Dacey Montgomery,04/03/1932,MJ166,04/03/2015,MQXQGW
N341871069,Patricia O. Pena,22/02/1996,DN722,17/03/2015,LPRTCA
R716167900,Dante D. Padilla,31/01/1965,KX349,04/09/2015,TAXGFH
C003128938,Imani Duffy,22/05/2008,NU497,19/01/2015,JZZOHA
F401377636,Zane Crosby,17/03/1976,FV654,26/11/2014,IXHSDZ
Z726019708,Tiger J. Carey,21/06/1951,OA658,29/11/2014,QDOIAG
S616096658,Warren Z. Chapman,08/10/1973,PY925,27/10/2014,JYUSFS
A713679200,Kristen Fisher,19/07/1996,AS912,15/04/2015,LHBUKC
P643588743,Arden F. Robinson,27/09/1960,NH254,13/02/2015,DERUTU
G965045731,Sara F. Mcmahon,11/04/2006,MG374,06/11/2014,TYEWMK
Y448149654,Quinn I. Snider,28/11/1953,ML661,20/10/2015,ZAFWQW
M400537324,Meredith P. Frye,20/10/1992,RN741,26/08/2015,DLLYFR
I172915549,Deacon O. Watson,13/11/1944,EC414,16/07/2015,PVULGY
Q794816952,Travis J. Hinton,01/12/1965,ER167,01/06/2015,MYFWEZ
Z758884461,Calvin Terrell,27/10/1971,CH664,01/10/2015,AKXFWL
S172121431,Tashya E. Bell,16/12/2002,SX489,30/08/2015,XWEWSA
I289208047,Gillian Fernandez,30/04/2000,UH237,23/12/2014,JDOGUA
U077002132,Ethan A. Gross,04/12/1980,JY382,08/05/2015,ZMPVKC
T074747829,Castor F. Clark,03/06/1969,NE316,09/01/2015,ZXXLVT
G795393241,Lucian D. Witt,20/12/1932,YD977,28/09/2015,SACPHK
O585086844,Hedwig Dickerson,16/08/1959,KT533,17/01/2015,GOVBNC
F509744697,Kerry U. Byers,10/03/2003,CJ457,28/06/2015,ZQGDAR
A142040165,Basil J. Walls,09/04/1937,RB512,20/08/2015,JMQMDX
P412464385,Levi Y. Duran,08/10/1966,PF292,02/04/2015,NEDMGR
N486654852,Hunter H. Sosa,31/07/1983,UL611,17/10/2015,BUYLDX
C989978482,Marcia G. Chen,10/12/1991,EP335,03/02/2015,MDXRTA
S363057280,Cody Levine,30/10/1948,RW298,09/09/2015,FZVHGF
H160423540,Ora Mooney,02/07/1934,YJ426,01/08/2015,SFGFJQ
L784969534,Priscilla Mcclure,16/04/2002,DP283,09/04/2015,OYUXEU
S898281608,Sean Holder,07/06/1975,BD385,02/10/2014,NPUHYT
C128954648,Kennedy G. Johnson,28/06/2011,QD779,17/05/2015,RSKVUD
D786590763,Alan Q. Silva,07/02/2010,YE447,04/03/2015,YGTLWV
P019224394,Yvette Moon,09/04/1981,UA646,17/03/2015,XZVAMZ
D876369367,Finn N. Mccarty,26/10/1979,JA187,04/09/2015,SJOTTB
A747246522,Cora V. Tyler,22/11/1941,NH199,19/01/2015,YJRBAK
E645469485,Lee Jefferson,06/02/1963,VH398,26/11/2014,ZUZNPI
O930863396,Gavin E. Logan,19/02/1988,BS897,29/11/2014,UUMWRT
R173020711,Renee Hensley,12/05/1999,RT983,27/10/2014,IVOKTY
U141476730,Bruce R. Carney,03/05/1993,QE352,15/04/2015,QTHODZ
R481102791,Faith Sherman,21/08/1995,NJ738,13/02/2015,LMBQOJ
P411979257,Yolanda M. Vincent,22/10/1999,JY978,06/11/2014,NBXCST
X471498996,Iliana Collier,26/12/1969,SF667,20/10/2015,EXUWGV
L677420893,Blossom Mcgowan,30/12/1970,KZ385,26/08/2015,WUFEEE
S272859697,Isabella I. Bush,09/08/2002,CQ473,16/07/2015,IHECNC
A160244579,Willow O. Scott,11/12/1984,MH996,01/06/2015,XYKGTN
Z469014478,Fulton Neal,15/08/1982,VW575,01/10/2015,NWLFUE
Y303945550,Doris K. Gonzalez,30/10/2004,BR299,30/08/2015,KZGPTW
X594004240,Deacon O. Mills,18/02/1973,TD625,23/12/2014,QCEAFM
J160898669,Sierra Malone,19/11/1960,VN567,08/05/2015,JTPJWK
D048942844,David Y. Carson,31/10/1966,GW825,09/01/2015,WGWRGJ
U203105958,Chancellor X. Baird,30/07/1940,ZY854,28/09/2015,JWAMLA
X882972837,Jelani Mccall,25/05/1962,TJ232,17/01/2015,PIHQLT
T672972046,Nerea Perry,09/11/2008,BP493,28/06/2015,DQDVBR
I333303299,Desiree Velez,28/01/1949,PC253,20/08/2015,AQTPLX
N190173383,Velma L. Gibbs,01/04/2009,IM463,02/04/2015,MGHWEH
G075793416,Cade Kemp,02/12/1980,EV667,17/10/2015,GHBDMW
N672437961,Sophia B. Vaughan,18/08/1997,WY279,03/02/2015,YMYUQE
J252036666,Orlando Sullivan,17/03/1949,DP834,09/09/2015,YDDOOH
D060037274,Marcia V. Whitehead,13/09/2005,FG756,01/08/2015,PCOSKA
K459147924,Anne G. Norris,31/03/1946,XK136,09/04/2015,UFBFLB
Z811908440,Mollie Stanley,07/01/2012,TJ451,02/10/2014,RFRMUN
B659148152,Brandon I. Strong,19/06/1968,KS576,17/05/2015,QGSXWG
M420779640,Yvonne H. Ferguson,04/05/1994,QG849,04/03/2015,FCRQVD
H594494789,Ray F. Stein,14/10/1964,PP369,17/03/2015,KOXYVN
H787486647,Alexa Z. Atkins,27/01/1960,GN813,04/09/2015,ZBILSV
M528736551,Marsden Morrison,09/10/1939,VR329,19/01/2015,YZMEXT
N634226575,Natalie M. Melton,05/09/1971,KA374,26/11/2014,ZOHALE
W190516543,Giselle Gutierrez,27/09/1988,DU271,29/11/2014,VNUUUR
S009267195,Autumn Gutierrez,08/06/1979,QY379,27/10/2014,NUGARN
M105958327,Carolyn D. Bartlett,21/07/1957,CL837,15/04/2015,ODOCGC
Y029583252,Jasper Evans,13/04/1998,KF539,13/02/2015,JKPXYL
E271599945,Lars Lowery,05/05/1954,ST813,06/11/2014,ZLVLGX
A086734404,Honorato Dawson,22/07/1985,ZS231,20/10/2015,MHXHQI
Z905625859,Hilel Reed,08/12/1976,ZP596,26/08/2015,TUIBRT
O638437733,Roary Solomon,09/02/1987,GI571,16/07/2015,TSIZUU
L021234469,Alyssa Pearson,30/06/2014,DY989,01/06/2015,VKNKWC
A826573642,Rhiannon Gross,17/05/2001,SD611,01/10/2015,SSMBKO
W317147456,Dominique Hyde,26/07/1937,PW748,30/08/2015,VXNDGN
L418561901,Hiram Simpson,19/02/1980,PL447,23/12/2014,ODKIMW
J010896737,Uriah F. Gilliam,06/09/2013,QX866,08/05/2015,SUFPKI
T913336374,Acton Hancock,22/05/2014,JT856,09/01/2015,FTVUIT
B177013901,Danielle Workman,19/08/1971,UY691,28/09/2015,QEJFYV
Z276254602,Imani R. Johnson,04/09/1978,CW349,17/01/2015,MHDRID
Q191270165,Lana Dawson,08/11/1938,CZ678,28/06/2015,TLAULN
G504660474,Dora G. Rush,06/07/1979,EQ624,20/08/2015,STQIBQ
O374381968,Renee V. Oneil,28/06/1983,LM553,02/04/2015,KBBKER
Y056681185,Kevin Poole,27/01/1948,KV816,17/10/2015,GFCOTT
E092191365,Vielka U. Cain,21/04/1971,SL974,03/02/2015,DIKAPA
F575301285,Mara O. Boyer,31/05/1953,XV241,09/09/2015,JYTYMT
K488717352,Sage Britt,04/04/1985,JV679,01/08/2015,RDRURP
I813504315,Wanda Dodson,23/05/1997,YQ869,09/04/2015,FENPFN
X271529903,Colin Sanders,31/10/1947,UU344,02/10/2014,VOCLGF
H887280906,Stephanie H. Randall,21/04/1955,FC712,17/05/2015,HBBRQR
N764803121,Alisa A. Simmons,11/02/1992,HJ314,04/03/2015,QVVMRM
O035540545,Sawyer K. Maxwell,18/05/1998,AQ634,17/03/2015,VSQMPO
E210236596,Bruce L. Ford,26/02/1965,SR627,04/09/2015,BETQBV
B340142258,Luke Romero,23/02/2007,AH476,19/01/2015,YABUDS
P294303550,Quentin Petersen,06/06/2012,CL441,26/11/2014,IUPDYC
V161853058,Chandler Pratt,31/01/1938,GW172,29/11/2014,WXYDHT
N185963693,Lisandra P. Pittman,23/10/1962,WM334,27/10/2014,HBXRXG
O233236359,Laith Levine,05/10/2003,QC637,15/04/2015,NEYTZG
W577364808,Cameron S. Frost,15/12/2000,IM478,13/02/2015,NCBBIN
T024930981,Gannon Dixon,29/01/1962,AJ365,06/11/2014,SIPJGY
D014060116,Macey Vaughn,23/02/2003,VW183,20/10/2015,TBGYQM
T633219780,Kiara Z. Perez,23/08/1958,HL528,26/08/2015,DEQIUI
W169950347,Alexander Malone,30/08/1966,JP488,16/07/2015,WEQVNB
U287084318,Zeph J. Orr,31/12/1973,JP456,01/06/2015,HIQHNZ
I263484348,Patience Pratt,19/11/1972,EW963,01/10/2015,DXPFTZ
E634680503,Fitzgerald S. Riley,04/08/2007,WK692,30/08/2015,XRRSBF
G791701273,Mallory Fulton,11/03/1934,EX913,23/12/2014,EFETFP
R794643640,Irene Wilkinson,12/10/2014,XO659,08/05/2015,QTLYRT
P684119708,Timon Y. Berry,20/11/1936,YW519,09/01/2015,CXDINP
T099817494,Mara Koch,19/07/1999,BY147,28/09/2015,MYQPUI
S472158080,Quincy P. Maynard,05/04/1940,SC376,17/01/2015,FTNIUT
F657090933,Davis Flowers,13/09/1938,HZ471,28/06/2015,VIDAZN
D574829235,Harris Tweed,2003-02-68,FF594,20/08/2015,KDSAUT
Y847447602,Briar X. Chambers,09/08/1952,ME652,02/04/2015,LAJXUN
X398982780,Carter A. Rich,28/09/1990,MV664,17/10/2015,QVZZPB
S463515256,Bruno S. Crosby,29/05/1992,GK631,03/02/2015,FJDLBH
Y128627057,Ashton Nielsen,24/06/1944,RC774,09/09/2015,KTVCUY
A459948503,Jelani C. Keller,27/09/1990,PL494,01/08/2015,JFQPSR
D504645379,Cherokee U. Torres,27/11/1954,NT575,09/04/2015,KVORSU
V396420328,Melanie O. Blackburn,02/04/1943,DD913,02/10/2014,MBHWTL
C759223863,Yardley Bell,30/03/1989,NS647,17/05/2015,FMWXME
K630251466,Wylie Cohen,26/02/1970,KH766,04/03/2015,AZYEMB
P744215351,Kelsie Morgan,02/10/1999,HY372,17/03/2015,VVVZAR
F028550522,Orson Richard,24/04/1954,WI513,04/09/2015,WEIJUV
G467397897,Hermione X. Chen,11/12/1967,LY684,19/01/2015,GWKEYD
J837789180,Lael A. Oneal,18/10/1949,NY363,26/11/2014,ZEMDLX
U440538226,Raja Blake,25/07/1933,DU227,29/11/2014,YESHCM
N349956870,Basia Murray,13/06/2006,OD629,27/10/2014,VEKVIL
H906832642,Tanek A. Hutchinson,21/04/1951,FC298,15/04/2015,YLKJKK
N603219560,Hilary Q. Knox,29/01/1962,KB731,13/02/2015,VZIRNH
O457459025,Branden Fowler,03/08/1964,OK828,06/11/2014,WZLHUZ
Y804171823,Amelia W. Gould,16/01/1962,PY312,20/10/2015,MPSXKG
H773145317,Zia Aguilar,18/06/1946,XE948,26/08/2015,VDACCR
P945031905,Sade Avery,25/12/2009,JV793,16/07/2015,WQWALK
H226988946,Timon Pickett,30/09/1992,PU751,01/06/2015,BSPHDR
B066694819,Whitney I. Snider,13/05/1991,TR265,01/10/2015,IMRMGM
L601877002,Hilary I. Garrett,16/03/1976,TZ243,30/08/2015,VQKGIS
R022965201,Charity Valentine,03/02/1942,QN355,23/12/2014,DCHBWQ
J016538797,Natalie H. Torres,12/09/1948,HT395,08/05/2015,ZYXAXX
H180968377,Cooper B. Bowen,18/11/1995,GJ734,09/01/2015,VAUEWC
L005963713,Graiden R. Ford,09/09/1979,SC574,28/09/2015,SPSLET
J970105398,Jana Ray,23/12/1968,QM256,17/01/2015,AVMHGL
D667563129,Cassidy Burns,25/09/1951,QK858,28/06/2015,WBREEW
F125152905,Dorothy O. Lee,20/03/1956,UF657,20/08/2015,GEURTR
E689569325,Jessamine P. Blanchard,23/04/2015,PQ862,02/04/2015,MMMTDC
E288106279,Peter M. Harper,01/04/1997,SK875,17/10/2015,LSLMWX
I302058040,Forrest S. Montoya,22/05/1994,PH336,03/02/2015,WUNZWD
Z766382650,Chelsea Langley,04/08/1983,ML233,09/09/2015,MANSZY
P601659967,Genevieve Miles,26/06/1995,YF639,01/08/2015,XMLMVF
F020221600,Lani N. George,08/06/2010,CZ413,09/04/2015,ULRTOP
H473106122,Neville Floyd,31/01/1966,WS436,02/10/2014,QREDCC
Z446087970,Bradley Adams,05/10/1986,KY488,17/05/2015,QMPCUE
L750491090,May Y. Burris,06/01/2012,IF545,04/03/2015,WLUFMM
I222832813,Kiayada Fuller,13/06/1992,TN783,17/03/2015,UORKNX
G710939824,Maite A. Pearson,19/12/2003,HT481,04/09/2015,JHUDEW
U854151881,Beck Willis,07/11/1949,GV682,19/01/2015,MADVRV
F308326704,Haley C. Blackwell,29/02/1972,TL382,26/11/2014,LOVURR
D899987745,Andrew Logan,27/11/1958,YY195,29/11/2014,BBOWGT
J761976851,Renee Kidd,01/05/1958,WL237,27/10/2014,UDZADA
C992944179,Micah Hodges,09/02/1946,CC374,15/04/2015,XITAIQ
V145855235,Delilah M. Pennington,19/11/1955,KG791,13/02/2015,VPRMMJ
J649794253,Jermaine P. Church,09/02/1955,CF132,06/11/2014,KDCMFZ
W732152518,Fritz Morrow,10/10/2014,AC479,20/10/2015,QDZRXZ
A612084998,Ali Mathews,25/05/1936,DE542,26/08/2015,SYBHMH
L737005914,Basia Fernandez,02/08/1990,HE385,16/07/2015,SIZVOF
S336852845,Giacomo Nunez,29/08/1952,YB652,01/06/2015,ELNDXR
P181968453,Charissa Wagner,23/10/1943,WQ811,01/10/2015,UDOGVQ
J070876173,Shea Wilder,07/05/2006,KW894,30/08/2015,XRUHMT
D110319856,Adam A. Mayer,06/11/2000,ZT441,23/12/2014,IKXGZU
A068602605,Mari G. Espinoza,05/04/2013,GP372,08/05/2015,QXMYSE
N767173398,Camden G. Hampton,11/04/1947,CI231,09/01/2015,JGAMPP
H650283244,Melissa B. Cain,22/06/1953,WW866,28/09/2015,UVBFFO
M474679134,Jillian C. Jacobson,14/07/1938,IG687,17/01/2015,WDGWBZ
F489572486,Kimberley C. Solis,12/09/1975,SE282,28/06/2015,DOYCQD
Y826273101,Camille K. Larson,30/05/1988,MI856,20/08/2015,CUNQPE
W486116979,Lavinia I. Freeman,02/04/2008,JP444,02/04/2015,JGGXGX
S766898253,Arsenio T. Huffman,31/08/1989,ZQ573,17/10/2015,FUGPYS
N689881706,Wendy R. Brock,18/09/1968,IZ825,03/02/2015,TOXZWM
J136434358,Jenette Johnston,02/05/1960,MY846,09/09/2015,UQXSZP
J517628964,Vivian Mitchell,27/11/1940,NS895,01/08/2015,OSUHOX
N748543478,Lee H. Glass,04/05/1982,GL145,09/04/2015,ODHWSZ
C689161360,Keefe Alvarado,25/06/1935,TV966,02/10/2014,NLRPBZ
H858490039,Tate Fernandez,18/12/1953,TR292,17/05/2015,QBUXAK
N139844632,Basia Mendez,27/04/2010,WF271,04/03/2015,UEOIAH
J862921598,Yoko Robbins,13/08/1954,IY152,17/03/2015,QDMAAP
G965977116,Wing D. Kaufman,27/01/1936,LA213,04/09/2015,DWZREU
B103537609,Kennan Frazier,23/04/1988,UL843,19/01/2015,YQEQJY
K060770014,Mohammad Giles,29/10/1961,DQ532,26/11/2014,SUIOHO
A254188525,Nasim Foreman,19/10/1979,DF933,29/11/2014,ZHWTHN
V917899563,Shad L. Bartlett,06/02/2014,VG272,27/10/2014,QAKAZR
A443121312,Shelby Chase,07/06/1992,AD788,15/04/2015,SCWQVP
Z476380289,Katelyn Hanson,22/10/2011,YN694,13/02/2015,WSZWZT
S265240548,Bree C. Underwood,27/08/1961,HJ869,06/11/2014,UNWTJF
N432194664,Kellie Velasquez,28/08/2009,CY576,20/10/2015,QIHORT
A986080127,Inez Ware,16/04/2007,XM573,26/08/2015,FERNMR
P389884847,Benedict Key,22/07/1970,JW572,16/07/2015,CSZXIA
K427825045,Cassady Cantrell,27/08/1962,BG113,01/06/2015,OXTHVK
N345652899,Austin Crane,04/03/1953,VN843,01/10/2015,ZHMFBI
C183013089,Allistair Goodwin,30/05/1996,LW759,30/08/2015,KEZSQS
B505213837,Lane Anderson,31/05/2014,UO422,23/12/2014,WJBTKA
X126643968,Maxwell Wall,18/12/1930,IY168,08/05/2015,BIFZOB
I090956568,Samantha T. Brewer,22/10/1990,YV514,09/01/2015,USKGZY
H091112599,Luke Woods,03/01/1967,WQ898,28/09/2015,WBDMJR
W618548584,Alexander Snyder,03/09/1997,MR343,17/01/2015,EZXAPI
M028833126,Nayda Fitzpatrick,02/11/1981,VT469,28/06/2015,FUUOIJ
U647707422,Rama M. Snider,04/06/1943,GM174,20/08/2015,VJBRXY
D759962081,Akeem Snow,09/07/1968,CG757,02/04/2015,XWTVVC
Q874991373,Leslie Washington,17/08/1949,DZ338,17/10/2015,ZVBJUO
Q511798410,Alan L. Kirk,18/12/1975,JY244,03/02/2015,KNXIBS
X007104415,Geoffrey Wilder,04/09/1943,OZ637,09/09/2015,QHLNAI
Z766203817,Camille Q. Valdez,02/11/1970,GV481,01/08/2015,GMZPWJ
E693656999,Dieter O. Martinez,15/04/1993,OZ379,09/04/2015,FRITKG
I745865544,Ramona Keller,26/07/1938,OS177,02/10/2014,XITTWI
H294503455,Joel Ray,30/08/1979,QU137,17/05/2015,TAYKTW
I476348341,Norman Avila,13/02/1990,NN291,04/03/2015,ELNZSU
F926468920,Olga B. Gregory,04/01/2003,LB756,17/03/2015,BKIFGI
Q298870591,Hadassah I. Faulkner,27/09/1957,PB417,04/09/2015,UOTTLU
N170105207,Cora Mccoy,08/03/1938,HP158,19/01/2015,UJBBNY
M932557466,Shay E. Kaufman,18/01/1964,NN693,26/11/2014,HIXKYZ
Q792248014,Irma K. Foley,18/07/2005,CT637,29/11/2014,DSYWET
Q349340455,Paula Dominguez,09/05/1996,HE724,27/10/2014,PMPGEH
Y009306927,Kennan G. Wyatt,10/01/1978,WN331,15/04/2015,UAJBDC
O541670980,Forrest Y. Walker,04/07/1935,ZK272,13/02/2015,PJVCDY
A630974969,Blair Mullen,20/09/1934,UC527,06/11/2014,ZLMCNR
C116368457,Meghan N. Leblanc,14/12/1943,UO164,20/10/2015,TBJZXE
G320926023,Clinton Norris,18/10/1970,TG851,26/08/2015,ZFMCFA
Z115609259,Micah Mcmahon,09/11/2014,CU982,16/07/2015,BVDVRY
W803622072,Randall P. Shelton,04/08/1996,EE237,01/06/2015,ZUALKO
I148419399,Brooke U. Bender,09/04/2002,DF797,01/10/2015,KAKDSX
H431339466,Macaulay I. Dillon,04/09/1938,FR731,30/08/2015,DYIEOO
V136577174,Tana Horn,20/09/2003,XP144,23/12/2014,BASQKF
W975375702,Dominique Jimenez,27/05/1974,CU759,08/05/2015,ZIGSGV
S898994804,Nayda P. Castro,08/05/1965,GC928,09/01/2015,DAXMDS
R755719493,Wallace Foley,10/11/1990,CC759,28/09/2015,NYAKWL
S135767307,Deirdre Johnson,11/04/1973,DU594,17/01/2015,SYRSAK
Z080934496,Leandra Elliott,25/08/1940,SS699,28/06/2015,OUCQWF
I132170457,Aladdin Mcfadden,25/11/1956,EE217,20/08/2015,GKWUIQ
W661602140,Ramona J. Avery,02/11/1988,JJ112,02/04/2015,UFMBQG
N228528527,Darryl Carver,13/07/2005,IK374,17/10/2015,UOCZVM
I200223288,Nichole Meadows,23/11/1996,MN428,03/02/2015,UNKASM
R514856662,Priscilla Kerr,01/08/1988,QI923,09/09/2015,YCNKPM
F130126563,Althea Pugh,25/12/2010,EL674,01/08/2015,EEJCNX
X238050025,Alma T. Pollard,17/07/1964,WC847,09/04/2015,OVGWGV
Q310681266,Levi Mayo,26/12/2001,LG993,02/10/2014,XRWQDQ
H707060257,Timothy Holcomb,09/06/2012,VC414,17/05/2015,XTXUSJ
B406673397,Kirby Ford,19/04/2007,GT474,04/03/2015,MVLEEU
C254450702,Thomas Best,08/08/1965,IY826,17/03/2015,PIPVAV
W003269495,Constance Castro,18/10/1990,EP215,04/09/2015,BWCEZN
D605855240,Sydney Willis,14/08/1937,OV729,19/01/2015,ORIHPT
Y866265704,Baxter Medina,20/11/1957,XA994,26/11/2014,ZWWISH
Q271947022,Cleo Gilmore,30/05/1991,EA818,29/11/2014,XIGFVY
W720599254,Derek H. Holder,19/12/1972,RA668,27/10/2014,ATOJWC
M735079789,Gloria Fowler,16/01/1987,DM154,15/04/2015,QLLSTQ
T771810710,Skyler Peters,13/05/1934,MN632,13/02/2015,XRNPPU
I760568307,Rudyard W. Scott,19/07/1949,MI725,06/11/2014,MQVXVY
W194979957,Ross W. Calderon,01/09/1970,VA537,20/10/2015,RMJFNU
W437236889,Chiquita Calhoun,16/03/2013,YA873,26/08/2015,GRBKAL
Y065567691,Deirdre U. Pace,09/07/1954,QG453,16/07/2015,QNVOJY
L966445756,Nigel Ortega,05/07/1966,DH235,01/06/2015,KBLSRG
R400295943,Orli White,30/10/1978,EZ257,01/10/2015,IKIFEZ
H637950130,Winter Q. Tanner,18/12/1980,IU666,30/08/2015,SSSBVB
T178132046,Sharon K. Pena,29/12/1978,IY814,23/12/2014,ZCZCBB
R147907436,Deborah Schwartz,12/05/1998,IX146,08/05/2015,BPYADG
N566432624,Magee T. Davidson,26/07/1982,CQ652,09/01/2015,RDYPRX
R369609936,Marshall R. Hicks,02/03/1933,PQ156,28/09/2015,KZJYLX
D033704801,Noble Frye,22/11/1988,HS694,17/01/2015,FWLRQQ
Q464562360,Kameko R. Copeland,22/12/1933,RK871,28/06/2015,KXXKLE
Q453193837,Malachi Holcomb,17/04/1965,LG494,20/08/2015,RLZHIS
V166431969,Leila Aguirre,08/07/1971,GF277,02/04/2015,DMGVUS
R088877705,Dante Clarke,13/10/1939,BK229,17/10/2015,YEVCCN
B095887790,Serena Z. Giles,02/07/1954,VR539,03/02/2015,BXPZOX
E092138639,Kylynn K. Tran,05/10/1979,FF592,09/09/2015,NGHHIK
J600164149,Emma Richmond,14/01/1966,XP189,01/08/2015,WMOOVT
I123999211,Timon Silva,09/06/1959,EO589,09/04/2015,CELDYO
F512400378,Natalie Acosta,05/04/1997,OI154,02/10/2014,JCHLLO
G957575226,Aurora Parks,04/02/1960,KB957,17/05/2015,SYYNCN
P597313507,Lana C. Mccall,28/05/1984,PE336,04/03/2015,RIKESJ
G361951939,Travis P. Woodward,05/06/2005,ZF926,17/03/2015,YWETGG
N755888043,Price Cochran,16/09/1986,ZZ435,04/09/2015,PSOPKD
V029754296,Carson Booth,04/04/1987,UT616,19/01/2015,ZNQYFP
T527936370,Orli Humphrey,11/10/1931,UI844,26/11/2014,PZSRHS
P705846786,Jordan Gross,12/01/2006,IK923,29/11/2014,KOICAC
Z580961814,Cain T. Allison,17/04/1982,GN546,27/10/2014,ZWGOUK
L910808842,Berk Bond,03/02/2003,AY253,15/04/2015,CZHQOS
F426571480,Nolan I. Cervantes,02/10/1966,NE273,13/02/2015,GHCLSE
L492895085,Megan R. Turner,21/10/1953,WN624,06/11/2014,NSJKOQ
R750211061,Casey Hansen,24/10/1961,PY559,20/10/2015,XTMJRU
W070172047,Grant Z. House,28/12/1948,SH332,26/08/2015,OBJORR
Z386565160,Tamara Heath,29/09/1961,TU948,16/07/2015,DXPGDS
G750244856,Karen Lancaster,08/12/1940,WX432,01/06/2015,GBMMYS
E045323246,Bruno O. Sherman,19/09/1947,SL217,01/10/2015,EBYACY
F340197429,George S. Guzman,22/10/1968,YU328,30/08/2015,FJLWTY
J914436729,Quentin Conway,01/12/1977,AA576,23/12/2014,HJFIGQ
V735188359,Carla Q. Nunez,30/06/1965,RI942,08/05/2015,BATQBC
G167565857,Grace Browning,26/09/1958,QZ511,09/01/2015,WHKLVB
J053041274,Maris Randolph,26/07/1934,XM683,28/09/2015,QXEDAX
E374900133,Hedda F. Brooks,09/12/1981,RC761,17/01/2015,EDRITC
P075527823,Kirestin Wilkerson,04/03/1932,YM636,28/06/2015,CGVWIK
X121055989,Zachary U. Chavez,22/02/1996,HZ413,20/08/2015,PWOGHZ
F249936875,Flynn Cunningham,31/01/1965,TU473,02/04/2015,DZFDLO
F908300367,Allegra Woodard,22/05/2008,TB454,17/10/2015,FTFBLX
H950818925,Jakeem S. Hutchinson,17/03/1976,XB193,03/02/2015,ILLLLS
W963772776,Farrah S. Floyd,21/06/1951,KN123,09/09/2015,NDEAPF
T195779450,Byron Davis,08/10/1973,BQ948,01/08/2015,AJNQHD
D183129257,Fay Hickman,19/07/1996,RG231,09/04/2015,GDBKMH
V775784645,Naida W. Horne,27/09/1960,QW572,02/10/2014,ZQYSDB
Q211724460,Claudia Maldonado,11/04/2006,GR144,17/05/2015,TXOIZR
B600375687,Stuart Atkinson,28/11/1953,IY216,04/03/2015,NLRIUA
T329695653,Ishmael Graves,20/10/1992,TZ465,17/03/2015,SRCCEB
A029773118,Colette L. Rosa,13/11/1944,BG262,04/09/2015,FWJVXS
J434721966,Ivana Blevins,01/12/1965,UQ578,19/01/2015,AAWMXL
X568834383,Marah Crawford,27/10/1971,UG566,26/11/2014,ORCCCH
V086502223,Elmo Bradley,16/12/2002,FQ813,29/11/2014,CSLWOC
K706088215,Mark Booker,30/04/2000,KZ714,27/10/2014,HXQQFR
Q100488409,Yeo X. Ballard,04/12/1980,GQ949,15/04/2015,YADOQT
E619156998,Aladdin Barry,03/06/1969,LY481,13/02/2015,CZFAAW
S634382059,Evelyn Y. Williams,20/12/1932,BK131,06/11/2014,KIQAJD
V900587830,Odessa J. Henderson,16/08/1959,RH716,20/10/2015,UUGVVM
I993722247,Mercedes C. Mullins,10/03/2003,PQ114,26/08/2015,JRTWNX
B542682900,Heidi J. Burgess,09/04/1937,PV582,16/07/2015,JCDCLX
T393159728,Nyssa G. Jimenez,08/10/1966,KX452,01/06/2015,QYZNQM
N253629365,Hamilton Burris,31/07/1983,SL748,01/10/2015,QOTGDT
S756921519,Tatiana T. Silva,10/12/1991,FW881,30/08/2015,EOIWZA
E287645112,Zelda N. Mendez,30/10/1948,IP561,23/12/2014,SXDMAP
H414147997,Abdul Lott,02/07/1934,QN961,08/05/2015,NISEVQ
H127459180,Rowan A. Blackburn,16/04/2002,WC589,09/01/2015,WPDIWZ
V390521756,Mari P. Blackwell,07/06/1975,HG896,28/09/2015,ZVEOJC
R406147064,Mariko Bean,28/06/2011,RT437,17/01/2015,KAALJE
Q283730997,Dylan E. Mcdaniel,07/02/2010,OW674,28/06/2015,QUJWUU
T893034728,Allistair V. Butler,09/04/1981,QJ798,20/08/2015,OLYRHY
V207162336,Jamalia J. Small,26/10/1979,ZP387,02/04/2015,VFXBWA
U472755970,Josephine J. Murphy,22/11/1941,XW942,17/10/2015,LCMUGI
H959190208,Burke Marshall,06/02/1963,RX119,03/02/2015,FFTYLW
P143886827,William R. Cote,19/02/1988,WR996,09/09/2015,NCAOMY
F745887017,Nina Whitley,12/05/1999,RP574,01/08/2015,DSRXDH
R617551265,Althea L. Suarez,03/05/1993,OE191,09/04/2015,NUHWNW
U818180172,Chandler Lewis,21/08/1995,NF477,02/10/2014,TQYYGU
A212212896,Kyla Henson,22/10/1999,QH316,17/05/2015,LVJPLO
P674310933,Jordan Eaton,26/12/1969,BH738,04/03/2015,BHQFFR
U548524615,Raven I. Atkinson,30/12/1970,ON766,17/03/2015,VOWOZB
C049640806,Felicia Noel,09/08/2002,JC115,04/09/2015,XEFMQB
U694722619,Alfreda O. Booker,11/12/1984,YI784,19/01/2015,GJFCMP
H355267211,Vernon Winters,15/08/1982,JU787,26/11/2014,LBBFTM
L774623647,Randall Peters,30/10/2004,XD572,29/11/2014,JIPDNJ
Q383680367,Stephen Chan,18/02/1973,DF262,27/10/2014,LNWBPW
K552484284,Graiden Q. Mcdaniel,19/11/1960,OL918,15/04/2015,REBIXH
O698856841,Eugenia Bailey,31/10/1966,SO966,13/02/2015,WBAHSR
H771419294,Illana Moore,30/07/1940,EV879,06/11/2014,MWAKET
X825403158,Dora D. Murray,25/05/1962,MC215,20/10/2015,SPXJQD
E086605493,Karina Kennedy,09/11/2008,ZS845,26/08/2015,HAOXYP
P015691855,Hermione Simon,28/01/1949,WX164,16/07/2015,OIXOWE
J133634488,Henry N. Irwin,01/04/2009,CX498,01/06/2015,ZMDVVZ
N917022889,Ariel Reese,02/12/1980,YJ926,01/10/2015,HRCHBF
P356327478,Abel Pratt,18/08/1997,RC748,30/08/2015,HWCJSD
G250092517,Dorian Z. Pacheco,17/03/1949,YF277,23/12/2014,UYLOLR
N476643452,McKenzie Lester,13/09/2005,EB974,08/05/2015,UEQJLT
A111213075,Tana Castaneda,31/03/1946,PV281,09/01/2015,GLMPVR
B334264058,Echo O. Dodson,07/01/2012,TB873,28/09/2015,PGZDZE
H561914176,Stewart Irwin,19/06/1968,AC398,17/01/2015,AVKVQN
N442899977,Mufutau Neal,04/05/1994,KR537,28/06/2015,MBBOTB
A194079450,Theodore G. Gamble,14/10/1964,ZE648,20/08/2015,SAHPHJ
J547218050,Garrett F. Bridges,27/01/1960,JT324,02/04/2015,TYBMKR
J402998290,Shafira J. Riley,09/10/1939,MG151,17/10/2015,GGUIXF
A530790641,Judah Knowles,05/09/1971,BU945,03/02/2015,NOTOIL
W286326320,Silas M. Harmon,27/09/1988,TO741,09/09/2015,MZLMNE
U405458146,Kennedy Fitzgerald,08/06/1979,BH562,01/08/2015,OBKVVE
R923267185,Ila Daniel,21/07/1957,FZ161,09/04/2015,YRVMWU
D423922477,Patricia K. Gould,13/04/1998,JK284,02/10/2014,BERQIQ
S741380487,Ariana Colon,05/05/1954,GC625,17/05/2015,XZWJJC
Y184241090,Jasper Zamora,22/07/1985,OH155,04/03/2015,LZQPPC
L495232081,Harding Clayton,08/12/1976,KX834,17/03/2015,BLGUPR
S987512539,Finn Mclaughlin,09/02/1987,MS311,04/09/2015,TSAVAB
R049769228,Uma Key,30/06/2014,WJ816,19/01/2015,DQUBNM
Q366895730,Faith Pratt,17/05/2001,AJ185,26/11/2014,DSHEDA
N395168273,Bernard A. Ellison,26/07/1937,LT851,29/11/2014,EEGZBK
H414066630,Sade Hale,19/02/1980,HJ284,27/10/2014,HORZMO
U570799464,Doris Skinner,06/09/2013,RK442,15/04/2015,THFLPC
K035624001,Amir R. Fischer,22/05/2014,BI591,13/02/2015,CBIXLK
A416982663,Kaden W. Burke,19/08/1971,PH165,06/11/2014,QPSNTC
W964761223,Jaden Mann,04/09/1978,GY729,20/10/2015,WELEFM
R321034547,Drew S. Contreras,08/11/1938,JO239,26/08/2015,JVZUSB
M518686819,Lacey S. Hoover,06/07/1979,GS795,16/07/2015,WOMDDD
T520080095,Illana Le,28/06/1983,IB846,01/06/2015,MCFBUB
D550545220,Tyrone D. Levine,27/01/1948,XD432,01/10/2015,UVTLPB
C233700503,Paul P. Rutledge,21/04/1971,GK437,30/08/2015,IVBAMJ
M156039578,Matthew Norton,31/05/1953,ZW182,23/12/2014,XJBUWS
C859212184,Elmo H. Serrano,04/04/1985,IB143,08/05/2015,SUWIZG
J641785685,Ignacia N. Church,23/05/1997,ID984,09/01/2015,PFESIV
X719351134,Clayton Long,31/10/1947,ZE471,28/09/2015,HZLKGJ
Z790480650,Margaret L. Campbell,21/04/1955,RU121,17/01/2015,ZZWDQA
A436909950,Paula Q. Goodwin,11/02/1992,HR524,28/06/2015,GWLESL
J712446990,Libby N. Poole,18/05/1998,JX239,20/08/2015,WXWUKE
F828537188,Kay G. Jones,26/02/1965,UQ351,02/04/2015,KFGDZS
Z706017299,Quincy Chavez,23/02/2007,AY777,17/10/2015,UCNPAV
T028113504,Adria A. Delaney,06/06/2012,ER318,03/02/2015,FCFHGW
C621623650,Ria Graham,31/01/1938,ZC985,09/09/2015,NGRRVN
I275747782,Kay C. Lyons,23/10/1962,YU628,01/08/2015,KBDNMO
H540219701,Kyra Rush,05/10/2003,GF114,09/04/2015,FDUOGD
O360509145,Fleur M. Dominguez,15/12/2000,KG562,02/10/2014,BVASFG
E718776992,Armand Noel,29/01/1962,HV477,17/05/2015,GALEUC
E510521059,Miranda Wyatt,23/02/2003,BC146,04/03/2015,GMPQQS
G798811918,Tarik O. Dominguez,23/08/1958,KD426,17/03/2015,RSFRLV
F180317098,Paul Larson,30/08/1966,OB638,04/09/2015,FSUCAX
H435584396,Nyssa Lawson,31/12/1973,CK219,19/01/2015,VWLHQW
Z524553030,Walter Sosa,19/11/1972,UG839,26/11/2014,UJAIGG
X976373971,Mia Gibson,04/08/2007,ZK523,29/11/2014,DWOHLX
Y982896751,Violet Mays,11/03/1934,OB743,27/10/2014,XGVOZX
R782823407,Dieter X. Small,12/10/2014,XD199,15/04/2015,LGTPLS
K929480932,Kimberly U. Maxwell,20/11/1936,CE739,13/02/2015,EFKGRX
L859308267,Dawn W. Ramos,19/07/1999,YM859,06/11/2014,NATTLL
Q615918054,Noel F. Sutton,05/04/1940,EH459,20/10/2015,AOJMTU
P715078242,Larissa N. Fisher,13/09/1938,LX155,26/08/2015,KNQRUB
R807889269,Alisa I. Hendrix,18/02/2003,HK198,16/07/2015,AYBAGZ
P363169309,Sade Glover,09/08/1952,SA229,01/06/2015,VJHGLN
Q890571571,Martin T. Woodard,28/09/1990,FO993,01/10/2015,FGECUJ
N055422241,Bernard Diaz,29/05/1992,JD545,30/08/2015,KJMBJD
W092316163,Kirk Owens,24/06/1944,MC535,23/12/2014,WEJAMJ
C299567073,Quyn Sims,27/09/1990,AP285,08/05/2015,POHZCI
A638548306,Wing Jordan,27/11/1954,LJ371,09/01/2015,RVYIFB
V233410294,Beck Shields,02/04/1943,LJ297,28/09/2015,JTETGK
U666056722,Mara V. Carey,30/03/1989,ZW173,17/01/2015,PEVKNE
W086549602,Mohammad Daugherty,26/02/1970,QK887,28/06/2015,JWSFCC
D261675165,Alana H. Thompson,02/10/1999,VU971,20/08/2015,ZPXUBK
S977184286,Chelsea A. Nguyen,24/04/1954,BS652,02/04/2015,WRPMLX
P213591114,Angela Richard,11/12/1967,VY964,17/10/2015,VNWHEA
Q051559846,Marcia Peterson,18/10/1949,SN875,03/02/2015,DQVRZS
Q296797682,Tanner H. Marsh,25/07/1933,UU622,09/09/2015,YPOOGH
E478504210,Curran O. Bennett,13/06/2006,WH478,01/08/2015,CLMGLV
O016897281,Victor Atkins,21/04/1951,DK546,09/04/2015,GGLTMB
N461354515,Lewis U. Garrett,29/01/1962,VC469,02/10/2014,HWVYEN
X792052222,Ali N. Fisher,03/08/1964,LB571,17/05/2015,QGCGSY
U759134863,Halee I. Odom,16/01/1962,LJ667,04/03/2015,WSLXAT
T672371870,Hiroko Walker,18/06/1946,RD866,17/03/2015,TKCPCD
G264681266,Keegan Stanley,25/12/2009,MK293,04/09/2015,SYHQQZ
B480213089,Kaden Bean,30/09/1992,RZ489,19/01/2015,MUDMTR
J399700733,Chaim Z. Shannon,13/05/1991,FL115,26/11/2014,BCDVNH
D299358389,John W. Mcguire,16/03/1976,AF648,29/11/2014,LNLDTL
W983082704,Hedy K. Paul,03/02/1942,DR271,27/10/2014,ZWRKLJ
M644401300,Cameran Rodgers,12/09/1948,LN641,15/04/2015,CIOJZY
I326527782,Nayda Garza,18/11/1995,NP723,13/02/2015,SYUKBX
X528394967,Natalie Guzman,09/09/1979,EH627,06/11/2014,WICLVW
C679194338,Colorado Lambert,23/12/1968,HJ595,20/10/2015,XDVGVA
L344014768,Briar V. Dillon,25/09/1951,AD753,26/08/2015,WSWIJW
I668407150,Macey I. Harris,20/03/1956,RR883,16/07/2015,YHFTAY
W329340672,Steven Brock,23/04/2015,NS668,01/06/2015,USUCQY
G065600661,Yael Hernandez,01/04/1997,AV926,01/10/2015,WDYCJR
I911841984,Caryn K. Sawyer,22/05/1994,CB343,30/08/2015,UUXIRQ
D808385550,Beck N. Watkins,04/08/1983,WN844,23/12/2014,JWKHNZ
B443658265,Zahir Velazquez,26/06/1995,OJ949,08/05/2015,FVLGRB
K331291560,Olympia Abbott,08/06/2010,MU286,09/01/2015,HBVFTY
V155410162,Kiona R. Griffin,31/01/1966,KA347,28/09/2015,ZOLHNY
R323191568,Yen Cote,05/10/1986,CN813,17/01/2015,RZWDZW
X390456537,Kaden Caldwell,06/01/2012,UT797,28/06/2015,WUDGZR
X524504653,Colorado Moran,13/06/1992,AM598,20/08/2015,AVLVDO
X217739445,Jasper L. Wells,19/12/2003,CY417,02/04/2015,COPQGJ
T690230089,Nolan Q. Strong,07/11/1949,QS385,17/10/2015,YOYVFG
A134169874,Jorden Neal,29/02/1972,CL777,03/02/2015,ODNIUW
O376143143,Zachery Y. Wiley,27/11/1958,OU813,09/09/2015,NJMKPU
I041411784,Jena Sutton,01/05/1958,IQ134,01/08/2015,ORBADR
B900032785,Rowan Stephenson,09/02/1946,DC259,09/04/2015,HUTZTD
B415202400,Zia H. Donovan,19/11/1955,HC627,02/10/2014,OJRPGO
X583112485,Katelyn C. Villarreal,09/02/1955,YK542,17/05/2015,CRSZGA
L319589962,Rebekah D. Love,10/10/2014,VO152,04/03/2015,TEFGDW
R712408382,Chantale Santiago,25/05/1936,QE283,17/03/2015,SVFMYJ
Z459269492,Armand G. Ingram,02/08/1990,CC814,04/09/2015,WPPWDE
V345250460,Yetta Guerra,29/08/1952,AW814,19/01/2015,QHJYOU
V058996217,Teagan H. Vaughan,23/10/1943,BN843,26/11/2014,SVLIBZ
X060143639,Caryn Malone,07/05/2006,IF715,29/11/2014,LUEKSD
P528678349,Fatima Mccoy,06/11/2000,UI452,27/10/2014,SIXLUJ
Z738823327,Lani K. Best,05/04/2013,WR695,15/04/2015,NXIPDA
S538268501,Kaitlin Levy,11/04/1947,IW524,13/02/2015,WPUOTB
P558981944,Connor Calhoun,22/06/1953,FZ439,06/11/2014,OOWPJA
U876124402,Jackson Serrano,14/07/1938,NZ994,20/10/2015,XUJJMZ
L396718638,Wayne Sharpe,12/09/1975,TI654,26/08/2015,IXQPPI
T303022111,Dennis G. Johns,30/05/1988,CH563,16/07/2015,UIGWPA
O934005876,Elijah E. Glass,02/04/2008,DE531,01/06/2015,SFGKVR
E518735809,Julian Y. Cole,31/08/1989,WC469,01/10/2015,ADYLBV
P951422192,Melyssa I. Watts,18/09/1968,LF988,30/08/2015,LVPAHF
U291304623,Clementine Barrett,02/05/1960,PW256,23/12/2014,PEUWIU
O006827929,Ulric V. Goodman,27/11/1940,HZ576,08/05/2015,JRPBPN
Q757709260,Trevor J. Knapp,04/05/1982,VQ887,09/01/2015,HJGBPF
I054005977,Cleo Whitney,25/06/1935,EA541,28/09/2015,VJIEEF
T687864464,Seth D. Potts,18/12/1953,OR626,17/01/2015,ICZPTH
S155431876,Karen Hays,27/04/2010,BO859,28/06/2015,KMVSPO
I281177537,Raya T. Montgomery,13/08/1954,GF695,20/08/2015,JOKYHM
C507251844,Tatiana W. Harvey,27/01/1936,MA215,02/04/2015,BFFYWZ
Y863369665,Ariana Mcfarland,23/04/1988,ZL425,17/10/2015,IWDQAC
O534442210,Thane Clements,29/10/1961,JI393,03/02/2015,BFXTJT
I603345907,Remedios Pace,19/10/1979,MI231,09/09/2015,BCQCMK
E382071621,Zephr Curtis,06/02/2014,TB957,01/08/2015,AJPNNZ
R092270008,Chaim Fuentes,07/06/1992,BP818,09/04/2015,JSVGKE
M539598734,Kadeem Conway,22/10/2011,XS942,02/10/2014,YHRMWJ
I197211868,Curran E. Hinton,27/08/1961,SB152,17/05/2015,WAYLBO
A497845543,Eric Y. Velazquez,28/08/2009,GD464,04/03/2015,AGDVOE
L129459614,MacKensie Blackwell,16/04/2007,DP551,17/03/2015,HDNPFI
P842722833,Blair K. Fitzpatrick,22/07/1970,GG225,04/09/2015,LNOXRK
C176953686,Deborah Woodard,27/08/1962,MO561,19/01/2015,SSLDZI
X550059897,Jarrod Fisher,04/03/1953,CY717,26/11/2014,RCMTJP
L911607968,Jayme T. Ellis,30/05/1996,CO876,29/11/2014,BWLIUW
O910387063,Dana D. Frazier,31/05/2014,AK189,27/10/2014,VCBJYX
Z369605003,Hamish R. Alston,18/12/1930,BR926,15/04/2015,SLPOZW
S028593461,Alisa B. Pacheco,22/10/1990,FR922,13/02/2015,IWNYZO
H076124862,Jason R. Cantu,03/01/1967,GA677,06/11/2014,KHIYEW
O826743761,Maxine K. Terry,03/09/1997,UP664,20/10/2015,PBBHHZ
Y598937887,Fritz Montoya,02/11/1981,VS384,26/08/2015,OWHGKA
M689718327,Lilah Pruitt,04/06/1943,FR854,16/07/2015,YIVTIN
G812040863,Benedict Meyer,09/07/1968,XS358,01/06/2015,UJDEZQ
T535796778,Mariko Waller,17/08/1949,YQ611,01/10/2015,SVILEK
O965271358,Kennedy L. English,18/12/1975,TK314,30/08/2015,RHULLY
A905307601,Xandra Valentine,04/09/1943,MQ514,23/12/2014,DQOQNM
U920289692,Karyn Carr,02/11/1970,VY781,08/05/2015,MLMIWN
G121272668,Signe Sullivan,15/04/1993,HB593,09/01/2015,RFGSDL
Z494361125,Dawn Black,26/07/1938,UY745,28/09/2015,XLJBSK
C988686582,Rafael E. Mcintyre,30/08/1979,WT221,17/01/2015,TZVIMT
M896775640,Sharon Ramsey,13/02/1990,MF372,28/06/2015,AKYJJZ
J469734743,Curran Beard,04/01/2003,AX182,20/08/2015,XEXODQ
Q846212061,Oleg A. Mccarthy,27/09/1957,IS168,02/04/2015,JQOFZC
Q142665535,Raymond Sargent,08/03/1938,QK242,17/10/2015,YYBZMH
A697445082,Kyla Frye,18/01/1964,HT453,03/02/2015,IASIUJ
B345382902,Paloma Carson,18/07/2005,XQ592,09/09/2015,BOCFFW
D960629451,Neil Gentry,09/05/1996,GL637,01/08/2015,NUWURG
V890129046,Piper Salas,10/01/1978,RR957,09/04/2015,DJUIXT
N586384287,Colette R. Romero,04/07/1935,JC581,02/10/2014,SLJFFO
X903830425,Dominic L. Boone,20/09/1934,GB995,17/05/2015,HGPPLB
M616654814,Orli F. Ballard,14/12/1943,FG549,04/03/2015,TEJYWJ
A225026916,Dexter Bartlett,18/10/1970,UG457,17/03/2015,JAHYMR
V001467740,Veronica Herring,09/11/2014,FE266,04/09/2015,GTEAMC
U880685183,Ria Whitaker,04/08/1996,SO299,19/01/2015,MUNRFQ
R146789003,Dale Hanson,09/04/2002,RR112,26/11/2014,QPSWKD
A592817821,Hyatt P. Merrill,04/09/1938,ZL764,29/11/2014,JSFMUU
P900919891,Sierra Conrad,20/09/2003,CY482,27/10/2014,WZZNNW
U623257221,Nyssa Robbins,27/05/1974,CN723,15/04/2015,WTBPUV
Q428170578,Nora H. Maldonado,08/05/1965,ZX259,13/02/2015,JTIIKB
L969622552,Leslie Pacheco,10/11/1990,XJ184,06/11/2014,GVQDIX
B529637739,Patricia N. Middleton,11/04/1973,NZ721,20/10/2015,JVTMVD
G267976927,Gwendolyn Nielsen,25/08/1940,HZ265,26/08/2015,NWODQW
G836990181,Marshall J. Holcomb,25/11/1956,CN144,16/07/2015,UJUHSH
N346485410,Heather N. Preston,02/11/1988,XI343,01/06/2015,SVMLVN
B207696760,Cherokee Johnston,13/07/2005,AC316,01/10/2015,EZILCM
F886664002,Shana Sweeney,23/11/1996,XC756,30/08/2015,LLODEO
J634573705,Wade Y. Witt,01/08/1988,MW453,23/12/2014,QFZPBR
H141429232,Matthew Alford,25/12/2010,HA267,08/05/2015,BSGLLY
H303774058,Quyn Miller,17/07/1964,QR227,09/01/2015,EUSBHO
W319727098,Travis Wilkins,26/12/2001,CT587,28/09/2015,YWUBZH
V201491266,Phyllis Dillard,09/06/2012,WF669,17/01/2015,PPCYHP
S856310920,Kameko Higgins,19/04/2007,WI527,28/06/2015,LLSVPT
W417149613,Lance Harrison,08/08/1965,CH619,20/08/2015,PQEREY
T516757406,Roary N. Mclean,18/10/1990,FB271,02/04/2015,IEOMBO
L943748062,Kylie H. Ellis,14/08/1937,GW547,17/10/2015,YTGZLQ
T109434969,Charlotte Gonzalez,20/11/1957,NC425,03/02/2015,IEWZKR
Y918443454,Miriam S. Hart,30/05/1991,KI449,09/09/2015,BLBMMA
Z551499492,Colin Workman,19/12/1972,JJ896,01/08/2015,TWGDSK
T470431749,Chaim I. Christensen,16/01/1987,TI258,09/04/2015,SFTEGP
P806195033,Orlando C. Palmer,13/05/1934,GV582,02/10/2014,EXYNMF
Z298946962,Lesley Mcfarland,19/07/1949,CY565,17/05/2015,ZFSXPR
U616076169,Palmer Russell,01/09/1970,WK266,04/03/2015,LCNKDU
K886144767,Thane G. Clemons,16/03/2013,GW343,17/03/2015,LXGKDO
V628723860,Russell S. Blankenship,09/07/1954,ZO558,04/09/2015,QGUAXR
K428333295,Pandora V. Wolf,05/07/1966,HN683,19/01/2015,MEEGDZ
H174476457,Amy H. Rice,30/10/1978,FQ445,26/11/2014,WCXUYO
U649960701,India V. Sloan,18/12/1980,VV982,29/11/2014,RVMIMF
B175400385,Noelani L. Horn,29/12/1978,BZ893,27/10/2014,ULOWRY
C530310649,Herman D. Robbins,12/05/1998,WV739,15/04/2015,MREJTM
X684585815,Ulla M. Rowe,26/07/1982,IJ598,13/02/2015,QMGOTM
R428576100,Desirae Y. Donovan,02/03/1933,MV374,06/11/2014,ZHHGIV
O772380302,Paul X. Franco,22/11/1988,NV449,20/10/2015,UCGGNX
B982860512,Karyn Perry,22/12/1933,MU578,26/08/2015,TGWBZR
N552775050,Zane Walls,17/04/1965,XD549,16/07/2015,ROQHMH
K835889858,Hedwig N. Le,08/07/1971,EE287,01/06/2015,WXNLIM
P579548770,Armand Larsen,13/10/1939,WR978,01/10/2015,JVWMLI
A087494163,Aurora Hart,02/07/1954,EC822,30/08/2015,KDIBWE
Y685496315,Ella Allison,05/10/1979,GO182,23/12/2014,EOOQLG
V349297555,Nora Frazier,14/01/1966,GZ662,08/05/2015,VXYSQM
Z200131036,Quinn Mckenzie,09/06/1959,HS132,09/01/2015,WPPJVC
O884894263,Roth M. Case,05/04/1997,FR396,28/09/2015,RXEWFJ
E490422294,Nayda Harmon,04/02/1960,OD591,17/01/2015,BCMDBJ
I716635195,Kendall Z. Neal,28/05/1984,AT117,28/06/2015,HIGRNX
P12345678,Ben Wellcorn,28/03/1993,BA246,31/04/2017,AMSLHR
A987552920,Robert Sparks,05/06/2005,UI977,20/08/2015,QLJEFO
W308550028,Zenia Flynn,16/09/1986,GH545,02/04/2015,FNRZVD
O459611713,Kirk Norris,04/04/1987,AI953,17/10/2015,QTXJJI
Q096878089,Vladimir Malone,11/10/1931,KP584,03/02/2015,VRLMHG
U918273526,Zephania Donovan,12/01/2006,XJ642,09/09/2015,HQNQUV
I915061691,Germaine Elliott,17/04/1982,KP289,01/08/2015,XYIZEE
V825977984,Amal V. Dillard,03/02/2003,HD672,09/04/2015,GPDEVN
F964699632,Jameson U. Dunn,02/10/1966,MH638,02/10/2014,KRERVF
U480151443,Nash O. Cervantes,21/10/1953,NJ684,17/05/2015,AUCSYB
B573115880,Noble W. Avery,24/10/1961,DX497,04/03/2015,EXWMLI
H801605550,Scarlett Y. Myers,28/12/1948,QH533,17/03/2015,PALJBF
L361159099,Jonas Gaines,29/09/1961,XL856,04/09/2015,ZJMHVS
A254320451,Seth Warren,08/12/1940,JB795,19/01/2015,XBMTVR
T346621548,Pandora J. Scott,19/09/1947,PN957,26/11/2014,HFGPAD
K371063016,Hall L. Rowe,22/10/1968,VC944,29/11/2014,IIYEVT
I084684672,Vera S. Parks,01/12/1977,YA888,27/10/2014,SZKBLJ
D409124133,Keane Byrd,30/06/1965,US423,15/04/2015,PLGMWK
Q517683658,Serina A. Contreras,26/09/1958,FC268,13/02/2015,BHQCOU
B050100532,Nadine Ayers,26/07/1934,GM187,06/11/2014,BGQYJB
A513028820,Brenda Fields,09/12/1981,AU961,20/10/2015,KZZKBG
B668301925,Brenda Schneider,04/03/1932,QW883,26/08/2015,NYFVKS
U155085500,Jenna C. Powers,22/02/1996,MQ726,16/07/2015,QWIRHM
E161893375,Merritt I. Walton,31/01/1965,YJ144,01/06/2015,SJTDXA
D973371531,Fulton M. Johnson,22/05/2008,PD152,01/10/2015,GQATUQ
U433126927,Pamela B. Rogers,17/03/1976,QN564,30/08/2015,COBSPW
G775982463,Galena Malone,21/06/1951,AR797,23/12/2014,TGZYIQ
K629405105,Matthew K. Welch,08/10/1973,EP737,08/05/2015,VQGEAJ
U793916831,Sylvester Glass,19/07/1996,WC912,09/01/2015,RIXEAB
T554652469,Baker Clark,27/09/1960,PK699,28/09/2015,HWVDEI
J109871143,Isaac Q. Conrad,11/04/2006,DA458,17/01/2015,HQGZML
C310673500,Travis Whitney,28/11/1953,NC988,28/06/2015,SCTRSY
A234262258,Raven F. Bolton,20/10/1992,VF897,20/08/2015,WQVIQR
B092768469,Joan K. Sanchez,13/11/1944,OO143,02/04/2015,EHUOIF
O265088172,Pascale Wagner,01/12/1965,NJ644,17/10/2015,LKZTMK
I056216695,Bevis G. Holmes,27/10/1971,IL291,03/02/2015,QULDEA
D118214923,Beatrice Q. Roman,16/12/2002,TI525,09/09/2015,TJDKKT
U381731887,Sonia Cole,30/04/2000,EG348,01/08/2015,TOAKBT
S472158080,Quincy P. Maynard,04/12/1980,SC376,09/04/2015,FTNIUT
F657090933,Davis Flowers,03/06/1969,HZ471,02/10/2014,VIDAZN
U98959595,Kameko Slater,20/12/1991,FF594,17/05/2015,BOCLHR
Y847447602,Briar X. Chambers,16/08/1959,ME652,04/03/2015,BOCLAX
